Actif;Date;Close
KIR.F;01/03/2017;16,236
KIR.F;28/02/2017;16,124
KIR.F;27/02/2017;16,328
KIR.F;24/02/2017;16,854
KIR.F;23/02/2017;16,195
KIR.F;22/02/2017;16,069
KIR.F;21/02/2017;16,041
KIR.F;20/02/2017;15,78
KIR.F;17/02/2017;15,554
KIR.F;16/02/2017;15,174
KIR.F;15/02/2017;15,189
KIR.F;14/02/2017;15,01
KIR.F;13/02/2017;15,191
KIR.F;10/02/2017;15,338
KIR.F;09/02/2017;15,204
KIR.F;08/02/2017;15,221
KIR.F;07/02/2017;15,26
KIR.F;06/02/2017;15,131
KIR.F;03/02/2017;15,181
KIR.F;02/02/2017;15,115
KIR.F;01/02/2017;15,162
KIR.F;31/01/2017;14,855
KIR.F;30/01/2017;14,944
KIR.F;27/01/2017;15,021
KIR.F;26/01/2017;15,181
KIR.F;25/01/2017;15,07
KIR.F;24/01/2017;15,257
KIR.F;23/01/2017;15,091
KIR.F;20/01/2017;15,368
KIR.F;19/01/2017;15,233
KIR.F;18/01/2017;15,206
KIR.F;17/01/2017;15,254
KIR.F;16/01/2017;15,497
KIR.F;13/01/2017;15,616
KIR.F;12/01/2017;15,522
KIR.F;11/01/2017;15,697
KIR.F;10/01/2017;15,569
KIR.F;09/01/2017;15,517
KIR.F;06/01/2017;15,881
KIR.F;05/01/2017;15,884
KIR.F;04/01/2017;15,636
KIR.F;03/01/2017;15,126
KIR.F;02/01/2017;15,075
KIR.F;30/12/2016;15,35
KIR.F;29/12/2016;15,473
KIR.F;28/12/2016;15,327
KIR.F;27/12/2016;15,886
KIR.F;26/12/2016;15,389
KIR.F;23/12/2016;15,389
KIR.F;22/12/2016;15,623
KIR.F;21/12/2016;15,863
KIR.F;20/12/2016;15,77
KIR.F;19/12/2016;15,652
KIR.F;16/12/2016;15,424
KIR.F;15/12/2016;15,417
KIR.F;14/12/2016;15,813
KIR.F;13/12/2016;15,968
KIR.F;12/12/2016;15,931
KIR.F;09/12/2016;15,421
KIR.F;08/12/2016;15,349
KIR.F;07/12/2016;15,002
KIR.F;06/12/2016;14,746
KIR.F;05/12/2016;14,958
KIR.F;02/12/2016;14,736
KIR.F;01/12/2016;15,268
KIR.F;30/11/2016;15,434
KIR.F;29/11/2016;15,427
KIR.F;28/11/2016;15,2
KIR.F;25/11/2016;14,988
KIR.F;24/11/2016;15,203
KIR.F;23/11/2016;15,183
KIR.F;22/11/2016;15,412
KIR.F;21/11/2016;15,446
KIR.F;18/11/2016;15,284
KIR.F;17/11/2016;15,563
KIR.F;16/11/2016;15,453
KIR.F;15/11/2016;15,608
KIR.F;14/11/2016;15,467
KIR.F;11/11/2016;15,509
KIR.F;10/11/2016;15,716
KIR.F;09/11/2016;15,419
KIR.F;08/11/2016;15,993
KIR.F;07/11/2016;16,18
KIR.F;04/11/2016;16,113
KIR.F;03/11/2016;16,089
KIR.F;02/11/2016;16,272
KIR.F;01/11/2016;16,171
KIR.F;31/10/2016;15,347
KIR.F;28/10/2016;15,644
KIR.F;27/10/2016;15,716
KIR.F;26/10/2016;15,492
KIR.F;25/10/2016;15,203
KIR.F;24/10/2016;15,304
KIR.F;21/10/2016;15,078
KIR.F;20/10/2016;15,089
KIR.F;19/10/2016;14,919
KIR.F;18/10/2016;14,711
KIR.F;17/10/2016;14,736
KIR.F;14/10/2016;14,639
KIR.F;13/10/2016;14,623
KIR.F;12/10/2016;14,629
KIR.F;11/10/2016;14,602
KIR.F;10/10/2016;14,12
KIR.F;07/10/2016;14,32
KIR.F;06/10/2016;14,397
KIR.F;05/10/2016;14,5
KIR.F;04/10/2016;14,886
KIR.F;03/10/2016;14,639
KIR.F;30/09/2016;14,639
KIR.F;29/09/2016;14,768
KIR.F;28/09/2016;14,661
KIR.F;27/09/2016;14,563
KIR.F;26/09/2016;14,42
KIR.F;23/09/2016;14,527
KIR.F;22/09/2016;14,721
KIR.F;21/09/2016;14,489
KIR.F;20/09/2016;14,207
KIR.F;19/09/2016;13,855
KIR.F;16/09/2016;13,987
KIR.F;15/09/2016;14,22
KIR.F;14/09/2016;14,359
KIR.F;13/09/2016;14,594
KIR.F;12/09/2016;14,346
KIR.F;09/09/2016;14,469
KIR.F;08/09/2016;14,977
KIR.F;07/09/2016;15,198
KIR.F;06/09/2016;14,928
KIR.F;05/09/2016;14,816
KIR.F;02/09/2016;14,888
KIR.F;01/09/2016;14,729
KIR.F;31/08/2016;14,54
KIR.F;30/08/2016;14,62
KIR.F;29/08/2016;14,608
KIR.F;26/08/2016;14,876
KIR.F;25/08/2016;14,868
KIR.F;24/08/2016;14,854
KIR.F;23/08/2016;14,743
KIR.F;22/08/2016;14,338
KIR.F;19/08/2016;14,377
KIR.F;18/08/2016;14,587
KIR.F;17/08/2016;14,768
KIR.F;16/08/2016;14,831
KIR.F;15/08/2016;15,163
KIR.F;12/08/2016;14,581
KIR.F;11/08/2016;14,331
KIR.F;10/08/2016;14,393
KIR.F;09/08/2016;14,429
KIR.F;08/08/2016;14,157
KIR.F;05/08/2016;14,267
KIR.F;04/08/2016;13,916
KIR.F;03/08/2016;14,968
KIR.F;02/08/2016;14,948
KIR.F;01/08/2016;15,154
KIR.F;29/07/2016;15,02
KIR.F;28/07/2016;15,105
KIR.F;27/07/2016;15,236
KIR.F;26/07/2016;15,597
KIR.F;25/07/2016;15,184
KIR.F;22/07/2016;15,388
KIR.F;21/07/2016;15,07
KIR.F;20/07/2016;15,398
KIR.F;19/07/2016;15,049
KIR.F;18/07/2016;14,556
KIR.F;15/07/2016;14,881
KIR.F;14/07/2016;15,23
KIR.F;13/07/2016;15,204
KIR.F;12/07/2016;15,692
KIR.F;11/07/2016;15,953
KIR.F;08/07/2016;15,874
KIR.F;07/07/2016;16,191
KIR.F;06/07/2016;16,234
KIR.F;05/07/2016;15,845
KIR.F;04/07/2016;15,646
KIR.F;01/07/2016;15,239
KIR.F;30/06/2016;15,223
KIR.F;29/06/2016;15,133
KIR.F;28/06/2016;15,096
KIR.F;27/06/2016;14,817
KIR.F;24/06/2016;13,764
KIR.F;23/06/2016;14,36
KIR.F;22/06/2016;14,612
KIR.F;21/06/2016;14,486
KIR.F;20/06/2016;14,444
KIR.F;17/06/2016;14,22
KIR.F;16/06/2016;14,315
KIR.F;15/06/2016;14,571
KIR.F;14/06/2016;14,601
KIR.F;13/06/2016;15,022
KIR.F;10/06/2016;15,105
KIR.F;09/06/2016;15,018
KIR.F;08/06/2016;15,012
KIR.F;07/06/2016;14,703
KIR.F;06/06/2016;14,91
KIR.F;03/06/2016;14,988
KIR.F;02/06/2016;14,963
KIR.F;01/06/2016;14,851
KIR.F;31/05/2016;14,949
KIR.F;30/05/2016;15,027
KIR.F;27/05/2016;15,038
KIR.F;26/05/2016;14,881
KIR.F;25/05/2016;14,984
KIR.F;24/05/2016;14,505
KIR.F;23/05/2016;14,479
KIR.F;20/05/2016;14,644
KIR.F;19/05/2016;14,527
KIR.F;18/05/2016;14,827
KIR.F;17/05/2016;14,879
KIR.F;16/05/2016;14,968
KIR.F;13/05/2016;14,968
KIR.F;12/05/2016;14,271
KIR.F;11/05/2016;14,358
KIR.F;10/05/2016;14,076
KIR.F;09/05/2016;14,547
KIR.F;06/05/2016;13,875
KIR.F;05/05/2016;13,714
KIR.F;04/05/2016;13,57
KIR.F;03/05/2016;13,794
KIR.F;02/05/2016;14,279
KIR.F;29/04/2016;12,702
KIR.F;28/04/2016;12,587
KIR.F;27/04/2016;13,33
KIR.F;26/04/2016;13,208
KIR.F;25/04/2016;13,237
KIR.F;22/04/2016;13,124
KIR.F;21/04/2016;13,206
KIR.F;20/04/2016;13,11
KIR.F;19/04/2016;13,277
KIR.F;18/04/2016;13,199
KIR.F;15/04/2016;13,312
KIR.F;14/04/2016;13,391
KIR.F;13/04/2016;13,017
KIR.F;12/04/2016;12,636
KIR.F;11/04/2016;12,469
KIR.F;08/04/2016;12,5
KIR.F;07/04/2016;12,155
KIR.F;06/04/2016;11,976
KIR.F;05/04/2016;11,774
KIR.F;04/04/2016;11,885
KIR.F;01/04/2016;11,64
KIR.F;31/03/2016;12,104
KIR.F;30/03/2016;12,372
KIR.F;29/03/2016;12,609
KIR.F;28/03/2016;12,494
KIR.F;25/03/2016;12,494
KIR.F;24/03/2016;12,494
KIR.F;23/03/2016;12,362
KIR.F;22/03/2016;12,372
KIR.F;21/03/2016;11,793
KIR.F;18/03/2016;11,983
KIR.F;17/03/2016;11,982
KIR.F;16/03/2016;11,984
KIR.F;15/03/2016;11,953
KIR.F;14/03/2016;11,87
KIR.F;11/03/2016;12,009
KIR.F;10/03/2016;11,996
KIR.F;09/03/2016;12,001
KIR.F;08/03/2016;12,075
KIR.F;07/03/2016;12,129
KIR.F;04/03/2016;12,399
KIR.F;03/03/2016;12,302
KIR.F;02/03/2016;12,104
KIR.F;01/03/2016;11,929
KIR.F;29/02/2016;11,921
KIR.F;26/02/2016;11,955
KIR.F;25/02/2016;12,011
KIR.F;24/02/2016;11,885
KIR.F;23/02/2016;11,752
KIR.F;22/02/2016;11,854
KIR.F;19/02/2016;11,884
KIR.F;18/02/2016;11,92
KIR.F;17/02/2016;11,4
KIR.F;16/02/2016;11,277
KIR.F;15/02/2016;12,145
KIR.F;12/02/2016;11,32
KIR.F;11/02/2016;11,722
KIR.F;10/02/2016;11,495
KIR.F;09/02/2016;12,21
KIR.F;08/02/2016;12,592
KIR.F;05/02/2016;12,506
KIR.F;04/02/2016;12,594
KIR.F;03/02/2016;12,718
KIR.F;02/02/2016;12,894
KIR.F;01/02/2016;12,875
KIR.F;29/01/2016;12,781
KIR.F;28/01/2016;12,325
KIR.F;27/01/2016;12,46
KIR.F;26/01/2016;12,163
KIR.F;25/01/2016;12,244
KIR.F;22/01/2016;12,022
KIR.F;21/01/2016;11,391
KIR.F;20/01/2016;11,807
KIR.F;19/01/2016;12,005
KIR.F;18/01/2016;12,207
KIR.F;15/01/2016;12,11
KIR.F;14/01/2016;12,141
KIR.F;13/01/2016;12,488
KIR.F;12/01/2016;12,235
KIR.F;11/01/2016;12,284
KIR.F;08/01/2016;12,409
KIR.F;07/01/2016;12,666
KIR.F;06/01/2016;12,632
KIR.F;05/01/2016;12,289
KIR.F;04/01/2016;12,268
KIR.F;01/01/2016;12,418
KIR.F;31/12/2015;12,418
KIR.F;30/12/2015;12,418
KIR.F;29/12/2015;12,275
KIR.F;28/12/2015;12,154
KIR.F;25/12/2015;12,314
KIR.F;24/12/2015;12,314
KIR.F;23/12/2015;12,314
KIR.F;22/12/2015;12,506
KIR.F;21/12/2015;13,327
KIR.F;18/12/2015;12,869
KIR.F;17/12/2015;13,231
KIR.F;16/12/2015;12,841
KIR.F;15/12/2015;12,633
KIR.F;14/12/2015;12,935
KIR.F;11/12/2015;12,933
KIR.F;10/12/2015;12,841
KIR.F;09/12/2015;12,795
KIR.F;08/12/2015;13,022
KIR.F;07/12/2015;12,996
KIR.F;04/12/2015;12,827
KIR.F;03/12/2015;13,404
KIR.F;02/12/2015;13,232
KIR.F;01/12/2015;13,314
KIR.F;30/11/2015;13,213
KIR.F;27/11/2015;13,532
KIR.F;26/11/2015;13,556
KIR.F;25/11/2015;13,274
KIR.F;24/11/2015;13,379
KIR.F;23/11/2015;13,171
KIR.F;20/11/2015;13,094
KIR.F;19/11/2015;12,986
KIR.F;18/11/2015;12,811
KIR.F;17/11/2015;12,648
KIR.F;16/11/2015;12,682
KIR.F;13/11/2015;12,703
KIR.F;12/11/2015;12,725
KIR.F;11/11/2015;12,897
KIR.F;10/11/2015;12,588
KIR.F;09/11/2015;12,508
KIR.F;06/11/2015;12,528
KIR.F;05/11/2015;12,499
KIR.F;04/11/2015;12,55
KIR.F;03/11/2015;11,994
KIR.F;02/11/2015;12,2
KIR.F;30/10/2015;13,097
KIR.F;29/10/2015;12,907
KIR.F;28/10/2015;12,887
KIR.F;27/10/2015;12,717
KIR.F;26/10/2015;12,601
KIR.F;23/10/2015;12,726
KIR.F;22/10/2015;12,166
KIR.F;21/10/2015;12,025
KIR.F;20/10/2015;11,971
KIR.F;19/10/2015;11,964
KIR.F;16/10/2015;12,163
KIR.F;15/10/2015;11,846
KIR.F;14/10/2015;11,891
KIR.F;13/10/2015;12,104
KIR.F;12/10/2015;11,935
KIR.F;09/10/2015;12,107
KIR.F;08/10/2015;11,618
KIR.F;07/10/2015;11,711
KIR.F;06/10/2015;11,61
KIR.F;05/10/2015;11,685
KIR.F;02/10/2015;11,558
KIR.F;01/10/2015;11,58
KIR.F;30/09/2015;11,48
KIR.F;29/09/2015;11,233
KIR.F;28/09/2015;11,893
KIR.F;25/09/2015;12,141
KIR.F;24/09/2015;11,689
KIR.F;23/09/2015;11,581
KIR.F;22/09/2015;11,689
KIR.F;21/09/2015;11,618
KIR.F;18/09/2015;11,723
KIR.F;17/09/2015;12,004
KIR.F;16/09/2015;11,848
KIR.F;15/09/2015;11,71
KIR.F;14/09/2015;11,68
KIR.F;11/09/2015;11,838
KIR.F;10/09/2015;11,99
KIR.F;09/09/2015;12,481
KIR.F;08/09/2015;12,01
KIR.F;07/09/2015;12,574
KIR.F;04/09/2015;12,754
KIR.F;03/09/2015;12,642
KIR.F;02/09/2015;12,365
KIR.F;01/09/2015;12,218
KIR.F;31/08/2015;12,969
KIR.F;28/08/2015;12,924
KIR.F;27/08/2015;12,525
KIR.F;26/08/2015;11,885
KIR.F;25/08/2015;11,584
KIR.F;24/08/2015;11,964
KIR.F;21/08/2015;12,511
KIR.F;20/08/2015;12,863
KIR.F;19/08/2015;13,063
KIR.F;18/08/2015;13,268
KIR.F;17/08/2015;13,422
KIR.F;14/08/2015;13,069
KIR.F;13/08/2015;13,309
KIR.F;12/08/2015;13,067
KIR.F;11/08/2015;13,271
KIR.F;10/08/2015;13,3
KIR.F;07/08/2015;13,323
KIR.F;06/08/2015;13,213
KIR.F;05/08/2015;13,67
KIR.F;04/08/2015;13,94
KIR.F;03/08/2015;14,14
KIR.F;31/07/2015;13,9
KIR.F;30/07/2015;13,729
KIR.F;29/07/2015;13,688
KIR.F;28/07/2015;13,449
KIR.F;27/07/2015;13,54
KIR.F;24/07/2015;13,366
KIR.F;23/07/2015;13,425
KIR.F;22/07/2015;13,062
KIR.F;21/07/2015;13,136
KIR.F;20/07/2015;13,092
KIR.F;17/07/2015;13,032
KIR.F;16/07/2015;13,106
KIR.F;15/07/2015;13,02
KIR.F;14/07/2015;12,667
KIR.F;13/07/2015;12,574
KIR.F;10/07/2015;12,392
KIR.F;09/07/2015;12,268
KIR.F;08/07/2015;12,299
KIR.F;07/07/2015;12,485
KIR.F;06/07/2015;12,244
KIR.F;03/07/2015;12,351
KIR.F;02/07/2015;12,147
KIR.F;01/07/2015;12,088
KIR.F;30/06/2015;12,206
KIR.F;29/06/2015;12,352
KIR.F;26/06/2015;12,362
KIR.F;25/06/2015;12,522
KIR.F;24/06/2015;12,569
KIR.F;23/06/2015;12,585
KIR.F;22/06/2015;12,308
KIR.F;19/06/2015;12,294
KIR.F;18/06/2015;12,377
KIR.F;17/06/2015;12,622
KIR.F;16/06/2015;12,722
KIR.F;15/06/2015;12,791
KIR.F;12/06/2015;12,703
KIR.F;11/06/2015;12,621
KIR.F;10/06/2015;12,497
KIR.F;09/06/2015;12,253
KIR.F;08/06/2015;12,732
KIR.F;05/06/2015;12,579
KIR.F;04/06/2015;12,461
KIR.F;03/06/2015;12,573
KIR.F;02/06/2015;12,956
KIR.F;01/06/2015;13,029
KIR.F;29/05/2015;13,082
KIR.F;28/05/2015;12,999
KIR.F;27/05/2015;12,903
KIR.F;26/05/2015;12,956
KIR.F;25/05/2015;13,005
KIR.F;22/05/2015;13,005
KIR.F;21/05/2015;13,125
KIR.F;20/05/2015;13,018
KIR.F;19/05/2015;12,637
KIR.F;18/05/2015;12,252
KIR.F;15/05/2015;12,345
KIR.F;14/05/2015;12,261
KIR.F;13/05/2015;12,475
KIR.F;12/05/2015;12,453
KIR.F;11/05/2015;12,486
KIR.F;08/05/2015;12,187
KIR.F;07/05/2015;11,866
KIR.F;06/05/2015;11,571
KIR.F;05/05/2015;11,642
KIR.F;04/05/2015;11,568
KIR.F;01/05/2015;11,764
KIR.F;30/04/2015;11,764
KIR.F;29/04/2015;12,062
KIR.F;28/04/2015;12,323
KIR.F;27/04/2015;12,279
KIR.F;24/04/2015;12,468
KIR.F;23/04/2015;12,517
KIR.F;22/04/2015;12,699
KIR.F;21/04/2015;12,839
KIR.F;20/04/2015;12,585
KIR.F;17/04/2015;12,738
KIR.F;16/04/2015;12,84
KIR.F;15/04/2015;13,077
KIR.F;14/04/2015;12,9
KIR.F;13/04/2015;12,593
KIR.F;10/04/2015;12,475
KIR.F;09/04/2015;12,506
KIR.F;08/04/2015;12,431
KIR.F;07/04/2015;12,272
KIR.F;06/04/2015;12,266
KIR.F;03/04/2015;12,266
KIR.F;02/04/2015;12,266
KIR.F;01/04/2015;12,024
KIR.F;31/03/2015;12,074
KIR.F;30/03/2015;12,218
KIR.F;27/03/2015;12,379
KIR.F;26/03/2015;12,538
KIR.F;25/03/2015;12,564
KIR.F;24/03/2015;12,529
KIR.F;23/03/2015;12,745
KIR.F;20/03/2015;12,764
KIR.F;19/03/2015;12,519
KIR.F;18/03/2015;13,043
KIR.F;17/03/2015;13,084
KIR.F;16/03/2015;13,24
KIR.F;13/03/2015;12,992
KIR.F;12/03/2015;12,997
KIR.F;11/03/2015;12,81
KIR.F;10/03/2015;12,663
KIR.F;09/03/2015;12,654
KIR.F;06/03/2015;12,669
KIR.F;05/03/2015;12,337
KIR.F;04/03/2015;11,823
KIR.F;03/03/2015;11,805
KIR.F;02/03/2015;11,637
KIR.F;27/02/2015;11,592
KIR.F;26/02/2015;11,488
KIR.F;25/02/2015;11,473
KIR.F;24/02/2015;11,362
KIR.F;23/02/2015;11,405
KIR.F;20/02/2015;11,804
KIR.F;19/02/2015;11,505
KIR.F;18/02/2015;11,363
KIR.F;17/02/2015;11,565
KIR.F;16/02/2015;11,263
KIR.F;13/02/2015;11,254
KIR.F;12/02/2015;11,692
KIR.F;11/02/2015;11,619
KIR.F;10/02/2015;11,898
KIR.F;09/02/2015;11,79
KIR.F;06/02/2015;11,741
KIR.F;05/02/2015;11,819
KIR.F;04/02/2015;11,64
KIR.F;03/02/2015;11,636
KIR.F;02/02/2015;11,812
KIR.F;30/01/2015;11,621
KIR.F;29/01/2015;11,751
KIR.F;28/01/2015;11,654
KIR.F;27/01/2015;11,642
KIR.F;26/01/2015;11,496
KIR.F;23/01/2015;11,224
KIR.F;22/01/2015;10,864
KIR.F;21/01/2015;10,829
KIR.F;20/01/2015;10,949
KIR.F;19/01/2015;10,844
KIR.F;16/01/2015;10,641
KIR.F;15/01/2015;10,527
KIR.F;14/01/2015;10,581
KIR.F;13/01/2015;10,603
KIR.F;12/01/2015;10,034
KIR.F;09/01/2015;9,992
KIR.F;08/01/2015;10,173
KIR.F;07/01/2015;9,974
KIR.F;06/01/2015;9,904
KIR.F;05/01/2015;10,363
KIR.F;02/01/2015;10,078
KIR.F;01/01/2015;10,146
KIR.F;31/12/2014;10,146
KIR.F;30/12/2014;10,146
KIR.F;29/12/2014;10,214
KIR.F;26/12/2014;10,206
KIR.F;25/12/2014;10,206
KIR.F;24/12/2014;10,206
KIR.F;23/12/2014;10,206
KIR.F;22/12/2014;10,392
KIR.F;19/12/2014;10,432
KIR.F;18/12/2014;10
KIR.F;17/12/2014;9,901
KIR.F;16/12/2014;9,728
KIR.F;15/12/2014;10,055
KIR.F;12/12/2014;10,038
KIR.F;11/12/2014;10,09
KIR.F;10/12/2014;10,117
KIR.F;09/12/2014;10,384
KIR.F;08/12/2014;10,375
KIR.F;05/12/2014;10,329
KIR.F;04/12/2014;10,409
KIR.F;03/12/2014;10,382
KIR.F;02/12/2014;10,331
KIR.F;01/12/2014;10,325
KIR.F;28/11/2014;10,233
KIR.F;27/11/2014;10,118
KIR.F;26/11/2014;10,088
KIR.F;25/11/2014;10,094
KIR.F;24/11/2014;9,985
KIR.F;21/11/2014;10,01
KIR.F;20/11/2014;9,88
KIR.F;19/11/2014;9,894
KIR.F;18/11/2014;9,963
KIR.F;17/11/2014;9,83
KIR.F;14/11/2014;10,028
KIR.F;13/11/2014;10,04
KIR.F;12/11/2014;9,944
KIR.F;11/11/2014;9,965
KIR.F;10/11/2014;9,917
KIR.F;07/11/2014;9,997
KIR.F;06/11/2014;9,795
KIR.F;05/11/2014;9,893
KIR.F;04/11/2014;9,948
KIR.F;03/11/2014;9,895
KIR.F;31/10/2014;9,977
KIR.F;30/10/2014;9,94
KIR.F;29/10/2014;10,079
KIR.F;28/10/2014;10,028
KIR.F;27/10/2014;10,019
KIR.F;24/10/2014;9,961
KIR.F;23/10/2014;10,004
KIR.F;22/10/2014;9,962
KIR.F;21/10/2014;9,691
KIR.F;20/10/2014;9,677
KIR.F;17/10/2014;9,411
KIR.F;16/10/2014;9,726
KIR.F;15/10/2014;10,016
KIR.F;14/10/2014;9,988
KIR.F;13/10/2014;10,17
KIR.F;10/10/2014;10,098
KIR.F;09/10/2014;10,141
KIR.F;08/10/2014;10,484
KIR.F;07/10/2014;10,357
KIR.F;06/10/2014;10,246
KIR.F;03/10/2014;10,238
KIR.F;02/10/2014;10,238
KIR.F;01/10/2014;10,368
KIR.F;30/09/2014;10,381
KIR.F;29/09/2014;10,364
KIR.F;26/09/2014;10,306
KIR.F;25/09/2014;10,339
KIR.F;24/09/2014;10,198
KIR.F;23/09/2014;10,245
KIR.F;22/09/2014;10,22
KIR.F;19/09/2014;10,11
KIR.F;18/09/2014;10,084
KIR.F;17/09/2014;10,146
KIR.F;16/09/2014;10,106
KIR.F;15/09/2014;10,118
KIR.F;12/09/2014;10,144
KIR.F;11/09/2014;10,172
KIR.F;10/09/2014;10,127
KIR.F;09/09/2014;10,429
KIR.F;08/09/2014;10,193
KIR.F;05/09/2014;10,217
KIR.F;04/09/2014;10
KIR.F;03/09/2014;10
KIR.F;02/09/2014;10,053
KIR.F;01/09/2014;10,078
KIR.F;29/08/2014;10,097
KIR.F;28/08/2014;10,023
KIR.F;27/08/2014;10,062
KIR.F;26/08/2014;10,116
KIR.F;25/08/2014;10,072
KIR.F;22/08/2014;10,025
KIR.F;21/08/2014;10,1
KIR.F;20/08/2014;10
KIR.F;19/08/2014;10,026
KIR.F;18/08/2014;10
KIR.F;15/08/2014;10
KIR.F;14/08/2014;10
KIR.F;13/08/2014;9,87
KIR.F;12/08/2014;9,826
KIR.F;11/08/2014;9,834
KIR.F;08/08/2014;9,718
KIR.F;07/08/2014;9,825
KIR.F;06/08/2014;10,08
KIR.F;05/08/2014;10,248
KIR.F;04/08/2014;10,351
KIR.F;01/08/2014;10,372
KIR.F;31/07/2014;10,297
KIR.F;30/07/2014;10,565
KIR.F;29/07/2014;10,538
KIR.F;28/07/2014;10,531
KIR.F;25/07/2014;10,583
KIR.F;24/07/2014;10,569
KIR.F;23/07/2014;10,609
KIR.F;22/07/2014;10,433
KIR.F;21/07/2014;10,366
KIR.F;18/07/2014;10,372
KIR.F;17/07/2014;10,485
KIR.F;16/07/2014;10,423
KIR.F;15/07/2014;10,361
KIR.F;14/07/2014;10,372
KIR.F;11/07/2014;10,477
KIR.F;10/07/2014;10,479
KIR.F;09/07/2014;10,578
KIR.F;08/07/2014;10,513
KIR.F;07/07/2014;10,516
KIR.F;04/07/2014;10,496
KIR.F;03/07/2014;10,486
KIR.F;02/07/2014;10,75
KIR.F;01/07/2014;10,398
KIR.F;30/06/2014;10,47
KIR.F;27/06/2014;10,405
KIR.F;26/06/2014;10,42
KIR.F;25/06/2014;10,577
KIR.F;24/06/2014;10,727
KIR.F;23/06/2014;10,694
KIR.F;20/06/2014;10,716
KIR.F;19/06/2014;10,836
KIR.F;18/06/2014;10,694
KIR.F;17/06/2014;10,832
KIR.F;16/06/2014;10,749
KIR.F;13/06/2014;10,711
KIR.F;12/06/2014;10,643
KIR.F;11/06/2014;10,71
KIR.F;10/06/2014;10,608
KIR.F;09/06/2014;10,517
KIR.F;06/06/2014;10,374
KIR.F;05/06/2014;10,471
KIR.F;04/06/2014;10,421
KIR.F;03/06/2014;10,427
KIR.F;02/06/2014;10,436
KIR.F;30/05/2014;10,313
KIR.F;29/05/2014;10,287
KIR.F;28/05/2014;10,327
KIR.F;27/05/2014;10,253
KIR.F;26/05/2014;10,35
KIR.F;23/05/2014;10,103
KIR.F;22/05/2014;10,028
KIR.F;21/05/2014;9,83
KIR.F;20/05/2014;9,979
KIR.F;19/05/2014;9,941
KIR.F;16/05/2014;9,843
KIR.F;15/05/2014;10,099
KIR.F;14/05/2014;10,041
KIR.F;13/05/2014;9,825
KIR.F;12/05/2014;9,676
KIR.F;09/05/2014;9,629
KIR.F;08/05/2014;9,605
KIR.F;07/05/2014;9,622
KIR.F;06/05/2014;9,623
KIR.F;05/05/2014;9,636
KIR.F;02/05/2014;9,594
KIR.F;01/05/2014;9,914
KIR.F;30/04/2014;9,914
KIR.F;29/04/2014;9,819
KIR.F;28/04/2014;9,874
KIR.F;25/04/2014;9,769
KIR.F;24/04/2014;9,787
KIR.F;23/04/2014;9,77
KIR.F;22/04/2014;9,782
KIR.F;21/04/2014;9,836
KIR.F;18/04/2014;9,836
KIR.F;17/04/2014;9,836
KIR.F;16/04/2014;9,849
KIR.F;15/04/2014;9,83
KIR.F;14/04/2014;9,857
KIR.F;11/04/2014;9,662
KIR.F;10/04/2014;9,711
KIR.F;09/04/2014;9,684
KIR.F;08/04/2014;9,574
KIR.F;07/04/2014;9,685
KIR.F;04/04/2014;9,731
KIR.F;03/04/2014;9,723
KIR.F;02/04/2014;9,664
KIR.F;01/04/2014;9,809
KIR.F;31/03/2014;9,99
KIR.F;28/03/2014;9,849
KIR.F;27/03/2014;9,654
KIR.F;26/03/2014;9,523
KIR.F;25/03/2014;9,279
KIR.F;24/03/2014;9,326
KIR.F;21/03/2014;9,168
KIR.F;20/03/2014;9,27
KIR.F;19/03/2014;9,346
KIR.F;18/03/2014;9,27
KIR.F;17/03/2014;9,27
KIR.F;14/03/2014;9,282
KIR.F;13/03/2014;9,321
KIR.F;12/03/2014;9,385
KIR.F;11/03/2014;9,534
KIR.F;10/03/2014;9,45
KIR.F;07/03/2014;9,627
KIR.F;06/03/2014;9,688
KIR.F;05/03/2014;9,694
KIR.F;04/03/2014;9,676
KIR.F;03/03/2014;9,658
KIR.F;28/02/2014;9,816
KIR.F;27/02/2014;9,653
KIR.F;26/02/2014;9,593
KIR.F;25/02/2014;9,63
KIR.F;24/02/2014;9,638
KIR.F;21/02/2014;9,636
KIR.F;20/02/2014;9,364
KIR.F;19/02/2014;9,533
KIR.F;18/02/2014;9,452
KIR.F;17/02/2014;9,35
KIR.F;14/02/2014;9,37
KIR.F;13/02/2014;9,881
KIR.F;12/02/2014;10,102
KIR.F;11/02/2014;10,037
KIR.F;10/02/2014;10,045
KIR.F;07/02/2014;9,91
KIR.F;06/02/2014;9,697
KIR.F;05/02/2014;9,783
KIR.F;04/02/2014;9,621
KIR.F;03/02/2014;9,924
KIR.F;31/01/2014;9,891
KIR.F;30/01/2014;9,851
KIR.F;29/01/2014;10,022
KIR.F;28/01/2014;9,743
KIR.F;27/01/2014;9,681
KIR.F;24/01/2014;10,028
KIR.F;23/01/2014;10,259
KIR.F;22/01/2014;10,184
KIR.F;21/01/2014;10,163
KIR.F;20/01/2014;10,154
KIR.F;17/01/2014;10,165
KIR.F;16/01/2014;9,971
KIR.F;15/01/2014;9,962
KIR.F;14/01/2014;9,807
KIR.F;13/01/2014;10,041
KIR.F;10/01/2014;9,934
KIR.F;09/01/2014;10,081
KIR.F;08/01/2014;10,168
KIR.F;07/01/2014;10,314
KIR.F;06/01/2014;10,501
KIR.F;03/01/2014;10,414
KIR.F;02/01/2014;10,339
KIR.F;01/01/2014;10,347
KIR.F;31/12/2013;10,347
KIR.F;30/12/2013;10,347
KIR.F;27/12/2013;10,363
KIR.F;26/12/2013;10,419
KIR.F;25/12/2013;10,419
KIR.F;24/12/2013;10,419
KIR.F;23/12/2013;10,419
KIR.F;20/12/2013;10,42
KIR.F;19/12/2013;10,465
KIR.F;18/12/2013;10,45
KIR.F;17/12/2013;10,466
KIR.F;16/12/2013;10,459
KIR.F;13/12/2013;10,649
KIR.F;12/12/2013;10,813
KIR.F;11/12/2013;10,863
KIR.F;10/12/2013;10,958
KIR.F;09/12/2013;10,999
KIR.F;06/12/2013;10,967
KIR.F;05/12/2013;11,003
KIR.F;04/12/2013;11,046
KIR.F;03/12/2013;11,125
KIR.F;02/12/2013;11,126
KIR.F;29/11/2013;11,225
KIR.F;28/11/2013;11,305
KIR.F;27/11/2013;11,343
KIR.F;26/11/2013;11,357
KIR.F;25/11/2013;11,412
KIR.F;22/11/2013;11,418
KIR.F;21/11/2013;11,465
KIR.F;20/11/2013;11,252
KIR.F;19/11/2013;11,469
KIR.F;18/11/2013;11,202
KIR.F;15/11/2013;11,28
KIR.F;14/11/2013;11,098
KIR.F;13/11/2013;11,025
KIR.F;12/11/2013;11,053
KIR.F;11/11/2013;10,887
KIR.F;08/11/2013;10,891
KIR.F;07/11/2013;10,75
KIR.F;06/11/2013;10,772
KIR.F;05/11/2013;10,729
KIR.F;04/11/2013;10,583
KIR.F;01/11/2013;10,613
KIR.F;31/10/2013;10,514
KIR.F;30/10/2013;10,516
KIR.F;29/10/2013;10,591
KIR.F;28/10/2013;10,6
KIR.F;25/10/2013;10,552
KIR.F;24/10/2013;10,843
KIR.F;23/10/2013;10,918
KIR.F;22/10/2013;10,995
KIR.F;21/10/2013;11,22
KIR.F;18/10/2013;10,922
KIR.F;17/10/2013;10,929
KIR.F;16/10/2013;10,94
KIR.F;15/10/2013;10,603
KIR.F;14/10/2013;10,565
KIR.F;11/10/2013;10,572
KIR.F;10/10/2013;10,624
KIR.F;09/10/2013;10,279
KIR.F;08/10/2013;10,249
KIR.F;07/10/2013;10,346
KIR.F;04/10/2013;10,376
KIR.F;03/10/2013;10,511
KIR.F;02/10/2013;10,415
KIR.F;01/10/2013;10,616
KIR.F;30/09/2013;10,725
KIR.F;27/09/2013;10,727
KIR.F;26/09/2013;10,606
KIR.F;25/09/2013;10,679
KIR.F;24/09/2013;10,541
KIR.F;23/09/2013;10,448
KIR.F;20/09/2013;10,412
KIR.F;19/09/2013;10,524
KIR.F;18/09/2013;10,35
KIR.F;17/09/2013;10,48
KIR.F;16/09/2013;10,5
KIR.F;13/09/2013;10,278
KIR.F;12/09/2013;10,245
KIR.F;11/09/2013;10,178
KIR.F;10/09/2013;10,265
KIR.F;09/09/2013;10,42
KIR.F;06/09/2013;10,268
KIR.F;05/09/2013;10,402
KIR.F;04/09/2013;10,619
KIR.F;03/09/2013;10,672
KIR.F;02/09/2013;10,496
KIR.F;30/08/2013;10,595
KIR.F;29/08/2013;10,421
KIR.F;28/08/2013;10,487
KIR.F;27/08/2013;10,538
KIR.F;26/08/2013;10,608
KIR.F;23/08/2013;11,044
KIR.F;22/08/2013;10,637
KIR.F;21/08/2013;10,769
KIR.F;20/08/2013;10,839
KIR.F;19/08/2013;11,108
KIR.F;16/08/2013;10,988
KIR.F;15/08/2013;11,231
KIR.F;14/08/2013;11,424
KIR.F;13/08/2013;11,344
KIR.F;12/08/2013;11,542
KIR.F;09/08/2013;11,137
KIR.F;08/08/2013;11,229
KIR.F;07/08/2013;11,297
KIR.F;06/08/2013;11,822
KIR.F;05/08/2013;11,575
KIR.F;02/08/2013;11,444
KIR.F;01/08/2013;11,271
KIR.F;31/07/2013;11,018
KIR.F;30/07/2013;11,458
KIR.F;29/07/2013;11,33
KIR.F;26/07/2013;11,554
KIR.F;25/07/2013;12,007
KIR.F;24/07/2013;12,004
KIR.F;23/07/2013;12,248
KIR.F;22/07/2013;12,132
KIR.F;19/07/2013;12,147
KIR.F;18/07/2013;12,333
KIR.F;17/07/2013;12,285
KIR.F;16/07/2013;12,384
KIR.F;15/07/2013;12,365
KIR.F;12/07/2013;12,328
KIR.F;11/07/2013;12,295
KIR.F;10/07/2013;12,151
KIR.F;09/07/2013;11,963
KIR.F;08/07/2013;11,785
KIR.F;05/07/2013;11,916
KIR.F;04/07/2013;11,891
KIR.F;03/07/2013;11,911
KIR.F;02/07/2013;12,156
KIR.F;01/07/2013;12,129
KIR.F;28/06/2013;11,865
KIR.F;27/06/2013;11,78
KIR.F;26/06/2013;11,585
KIR.F;25/06/2013;11,706
KIR.F;24/06/2013;11,804
KIR.F;21/06/2013;12,577
KIR.F;20/06/2013;12,71
KIR.F;19/06/2013;12,386
KIR.F;18/06/2013;12,431
KIR.F;17/06/2013;12,345
KIR.F;14/06/2013;12,153
KIR.F;13/06/2013;12,384
KIR.F;12/06/2013;12,489
KIR.F;11/06/2013;12,457
KIR.F;10/06/2013;12,361
KIR.F;07/06/2013;11,823
KIR.F;06/06/2013;11,685
KIR.F;05/06/2013;12,08
KIR.F;04/06/2013;12,627
KIR.F;03/06/2013;12,061
KIR.F;31/05/2013;12,456
KIR.F;30/05/2013;12,24
KIR.F;29/05/2013;12,928
KIR.F;28/05/2013;13,051
KIR.F;27/05/2013;12,88
KIR.F;24/05/2013;13,027
KIR.F;23/05/2013;12,926
KIR.F;22/05/2013;13,67
KIR.F;21/05/2013;13,649
KIR.F;20/05/2013;13,857
KIR.F;17/05/2013;13,816
KIR.F;16/05/2013;13,937
KIR.F;15/05/2013;13,65
KIR.F;14/05/2013;13,393
KIR.F;13/05/2013;13,363
KIR.F;10/05/2013;13,179
KIR.F;09/05/2013;13
KIR.F;08/05/2013;13,398
KIR.F;07/05/2013;13,465
KIR.F;06/05/2013;13,129
KIR.F;03/05/2013;13,27
KIR.F;02/05/2013;13,194
KIR.F;01/05/2013;13,183
KIR.F;30/04/2013;13,183
KIR.F;29/04/2013;13,087
KIR.F;26/04/2013;12,988
KIR.F;25/04/2013;13,063
KIR.F;24/04/2013;13,01
KIR.F;23/04/2013;12,451
KIR.F;22/04/2013;12,216
KIR.F;19/04/2013;12,236
KIR.F;18/04/2013;12,31
KIR.F;17/04/2013;12,692
KIR.F;16/04/2013;12,875
KIR.F;15/04/2013;12,929
KIR.F;12/04/2013;12,811
KIR.F;11/04/2013;13,336
KIR.F;10/04/2013;12,873
KIR.F;09/04/2013;12,955
KIR.F;08/04/2013;13,172
KIR.F;05/04/2013;13,17
KIR.F;04/04/2013;12,797
KIR.F;03/04/2013;12,553
KIR.F;02/04/2013;12,006
KIR.F;01/04/2013;12,447
KIR.F;29/03/2013;12,447
KIR.F;28/03/2013;12,447
KIR.F;27/03/2013;12,187
KIR.F;26/03/2013;12,456
KIR.F;25/03/2013;11,906
KIR.F;22/03/2013;11,872
KIR.F;21/03/2013;11,947
KIR.F;20/03/2013;11,768
KIR.F;19/03/2013;11,653
KIR.F;18/03/2013;12,14
KIR.F;15/03/2013;11,91
KIR.F;14/03/2013;11,819
KIR.F;13/03/2013;11,689
KIR.F;12/03/2013;11,725
KIR.F;11/03/2013;11,97
KIR.F;08/03/2013;11,531
KIR.F;07/03/2013;11,58
KIR.F;06/03/2013;11,426
KIR.F;05/03/2013;11,5
KIR.F;04/03/2013;11,556
KIR.F;01/03/2013;11,471
KIR.F;28/02/2013;10,992
KIR.F;27/02/2013;11,061
KIR.F;26/02/2013;11,044
KIR.F;25/02/2013;10,591
KIR.F;22/02/2013;10,58
KIR.F;21/02/2013;10,09
KIR.F;20/02/2013;10,216
KIR.F;19/02/2013;9,9
KIR.F;18/02/2013;9,448
KIR.F;15/02/2013;9,346
KIR.F;14/02/2013;9,716
KIR.F;13/02/2013;9,7
KIR.F;12/02/2013;9,594
KIR.F;11/02/2013;9,554
KIR.F;08/02/2013;9,461
KIR.F;07/02/2013;9,599
KIR.F;06/02/2013;9,478
KIR.F;05/02/2013;9,2
KIR.F;04/02/2013;9,094
KIR.F;01/02/2013;9,242
KIR.F;31/01/2013;9,189
KIR.F;30/01/2013;9,224
KIR.F;29/01/2013;9,194
KIR.F;28/01/2013;8,968
KIR.F;25/01/2013;9,124
KIR.F;24/01/2013;8,933
KIR.F;23/01/2013;8,97
KIR.F;22/01/2013;8,983
KIR.F;21/01/2013;8,707
KIR.F;18/01/2013;8,79
KIR.F;17/01/2013;8,727
KIR.F;16/01/2013;8,718
KIR.F;15/01/2013;8,706
KIR.F;14/01/2013;8,7
KIR.F;11/01/2013;8,787
KIR.F;10/01/2013;8,869
KIR.F;09/01/2013;8,873
KIR.F;08/01/2013;9,099
KIR.F;07/01/2013;8,92
KIR.F;04/01/2013;8,871
KIR.F;03/01/2013;8,997
KIR.F;02/01/2013;8,748
KIR.F;01/01/2013;8,766
KIR.F;31/12/2012;8,766
KIR.F;28/12/2012;8,766
KIR.F;27/12/2012;8,919
KIR.F;26/12/2012;9,15
KIR.F;25/12/2012;9,15
KIR.F;24/12/2012;9,15
KIR.F;21/12/2012;9,15
KIR.F;20/12/2012;9,15
KIR.F;19/12/2012;9,188
KIR.F;18/12/2012;9,262
KIR.F;17/12/2012;9,1
KIR.F;14/12/2012;9,1
KIR.F;13/12/2012;9,344
KIR.F;12/12/2012;9,394
KIR.F;11/12/2012;9,514
KIR.F;10/12/2012;9,646
KIR.F;07/12/2012;9,828
KIR.F;06/12/2012;9,568
KIR.F;05/12/2012;9,417
KIR.F;04/12/2012;9,49
KIR.F;03/12/2012;9,419
KIR.F;30/11/2012;9,354
KIR.F;29/11/2012;9,44
KIR.F;28/11/2012;9,453
KIR.F;27/11/2012;9,384
KIR.F;26/11/2012;9,439
KIR.F;23/11/2012;9,425
KIR.F;22/11/2012;9,432
KIR.F;21/11/2012;9,491
KIR.F;20/11/2012;9,557
KIR.F;19/11/2012;9,452
KIR.F;16/11/2012;9,285
KIR.F;15/11/2012;9,553
KIR.F;14/11/2012;9,695
KIR.F;13/11/2012;9,746
KIR.F;12/11/2012;9,739
KIR.F;09/11/2012;9,769
KIR.F;08/11/2012;9,781
KIR.F;07/11/2012;9,889
KIR.F;06/11/2012;10,071
KIR.F;05/11/2012;10,047
KIR.F;02/11/2012;9,669
KIR.F;01/11/2012;9,6
KIR.F;31/10/2012;9,632
KIR.F;30/10/2012;9,798
KIR.F;29/10/2012;9,79
KIR.F;26/10/2012;9,682
KIR.F;25/10/2012;9,629
KIR.F;24/10/2012;9,668
KIR.F;23/10/2012;9,703
KIR.F;22/10/2012;9,758
KIR.F;19/10/2012;9,643
KIR.F;18/10/2012;9,873
KIR.F;17/10/2012;9,931
KIR.F;16/10/2012;9,768
KIR.F;15/10/2012;10,109
KIR.F;12/10/2012;10,091
KIR.F;11/10/2012;10,056
KIR.F;10/10/2012;10,166
KIR.F;09/10/2012;10,194
KIR.F;08/10/2012;10,18
KIR.F;05/10/2012;10,173
KIR.F;04/10/2012;10,068
KIR.F;03/10/2012;10,135
KIR.F;02/10/2012;10,176
KIR.F;01/10/2012;10,329
KIR.F;28/09/2012;10,343
KIR.F;27/09/2012;10,279
KIR.F;26/09/2012;10,248
KIR.F;25/09/2012;10,259
KIR.F;24/09/2012;10,305
KIR.F;21/09/2012;10,114
KIR.F;20/09/2012;10,084
KIR.F;19/09/2012;9,852
KIR.F;18/09/2012;9,74
KIR.F;17/09/2012;9,668
KIR.F;14/09/2012;9,827
KIR.F;13/09/2012;10,064
KIR.F;12/09/2012;10,126
KIR.F;11/09/2012;9,97
KIR.F;10/09/2012;10,069
KIR.F;07/09/2012;10,006
KIR.F;06/09/2012;9,848
KIR.F;05/09/2012;9,99
KIR.F;04/09/2012;9,708
KIR.F;03/09/2012;9,742
KIR.F;31/08/2012;9,836
KIR.F;30/08/2012;10,011
KIR.F;29/08/2012;9,954
KIR.F;28/08/2012;9,98
KIR.F;27/08/2012;9,904
KIR.F;24/08/2012;9,905
KIR.F;23/08/2012;9,961
KIR.F;22/08/2012;9,872
KIR.F;21/08/2012;10,001
KIR.F;20/08/2012;9,959
KIR.F;17/08/2012;9,897
KIR.F;16/08/2012;9,926
KIR.F;15/08/2012;9,864
KIR.F;14/08/2012;9,954
KIR.F;13/08/2012;9,857
KIR.F;10/08/2012;9,822
KIR.F;09/08/2012;9,806
KIR.F;08/08/2012;9,783
KIR.F;07/08/2012;9,692
KIR.F;06/08/2012;9,375
KIR.F;03/08/2012;9,2
KIR.F;02/08/2012;9,228
KIR.F;01/08/2012;9,213
KIR.F;31/07/2012;9,184
KIR.F;30/07/2012;9,109
KIR.F;27/07/2012;9,1
KIR.F;26/07/2012;9,134
KIR.F;25/07/2012;9,273
KIR.F;24/07/2012;9,258
KIR.F;23/07/2012;9,244
KIR.F;20/07/2012;9,22
KIR.F;19/07/2012;9,285
KIR.F;18/07/2012;9,315
KIR.F;17/07/2012;9,303
KIR.F;16/07/2012;9,261
KIR.F;13/07/2012;9,271
KIR.F;12/07/2012;9,315
KIR.F;11/07/2012;9,392
KIR.F;10/07/2012;9,453
KIR.F;09/07/2012;9,356
KIR.F;06/07/2012;9,245
KIR.F;05/07/2012;9,275
KIR.F;04/07/2012;9,148
KIR.F;03/07/2012;9,166
KIR.F;02/07/2012;9,236
KIR.F;29/06/2012;9,288
KIR.F;28/06/2012;9,295
KIR.F;27/06/2012;9,154
KIR.F;26/06/2012;9,228
KIR.F;25/06/2012;9,259
KIR.F;22/06/2012;9,131
KIR.F;21/06/2012;9,199
KIR.F;20/06/2012;9,196
KIR.F;19/06/2012;9,034
KIR.F;18/06/2012;9,016
KIR.F;15/06/2012;9,029
KIR.F;14/06/2012;8,979
KIR.F;13/06/2012;9,053
KIR.F;12/06/2012;8,969
KIR.F;11/06/2012;8,976
KIR.F;08/06/2012;8,935
KIR.F;07/06/2012;9,121
KIR.F;06/06/2012;9,066
KIR.F;05/06/2012;9,328
KIR.F;04/06/2012;9,054
KIR.F;01/06/2012;9,089
KIR.F;31/05/2012;9,12
KIR.F;30/05/2012;9,017
KIR.F;29/05/2012;9,129
KIR.F;28/05/2012;9,006
KIR.F;25/05/2012;9,035
KIR.F;24/05/2012;8,873
KIR.F;23/05/2012;8,822
KIR.F;22/05/2012;8,8
KIR.F;21/05/2012;8,788
KIR.F;18/05/2012;8,85
KIR.F;17/05/2012;8,808
KIR.F;16/05/2012;8,841
KIR.F;15/05/2012;8,722
KIR.F;14/05/2012;8,758
KIR.F;11/05/2012;8,758
KIR.F;10/05/2012;8,985
KIR.F;09/05/2012;9,092
KIR.F;08/05/2012;9,13
KIR.F;07/05/2012;9,205
KIR.F;04/05/2012;9,375
KIR.F;03/05/2012;9,381
KIR.F;02/05/2012;9,457
KIR.F;01/05/2012;9,543
KIR.F;30/04/2012;9,543
KIR.F;27/04/2012;9,519
KIR.F;26/04/2012;9,56
KIR.F;25/04/2012;9,519
KIR.F;24/04/2012;9,491
KIR.F;23/04/2012;9,529
KIR.F;20/04/2012;9,371
KIR.F;19/04/2012;9,519
KIR.F;18/04/2012;9,612
KIR.F;17/04/2012;9,667
KIR.F;16/04/2012;9,629
KIR.F;13/04/2012;9,492
KIR.F;12/04/2012;9,528
KIR.F;11/04/2012;9,436
KIR.F;10/04/2012;9,566
KIR.F;09/04/2012;9,837
KIR.F;06/04/2012;9,837
KIR.F;05/04/2012;9,837
KIR.F;04/04/2012;9,457
KIR.F;03/04/2012;9,678
KIR.F;02/04/2012;9,716
KIR.F;30/03/2012;9,705
KIR.F;29/03/2012;9,609
KIR.F;28/03/2012;9,526
KIR.F;27/03/2012;9,645
KIR.F;26/03/2012;9,349
KIR.F;23/03/2012;9,294
KIR.F;22/03/2012;9,364
KIR.F;21/03/2012;9,155
KIR.F;20/03/2012;9,041
KIR.F;19/03/2012;9,091
KIR.F;16/03/2012;9,119
KIR.F;15/03/2012;9,226
KIR.F;14/03/2012;9,24
KIR.F;13/03/2012;9,331
KIR.F;12/03/2012;8,996
KIR.F;09/03/2012;8,996
KIR.F;08/03/2012;9,073
KIR.F;07/03/2012;8,929
KIR.F;06/03/2012;8,819
KIR.F;05/03/2012;8,872
KIR.F;02/03/2012;8,873
KIR.F;01/03/2012;8,831
KIR.F;29/02/2012;8,734
KIR.F;28/02/2012;8,975
KIR.F;27/02/2012;8,781
KIR.F;24/02/2012;8,899
KIR.F;23/02/2012;9,024
KIR.F;22/02/2012;9,211
KIR.F;21/02/2012;9,089
KIR.F;20/02/2012;9,171
KIR.F;17/02/2012;9,281
KIR.F;16/02/2012;9,308
KIR.F;15/02/2012;9,147
KIR.F;14/02/2012;9,145
KIR.F;13/02/2012;9,317
KIR.F;10/02/2012;9,176
KIR.F;09/02/2012;9,153
KIR.F;08/02/2012;9,24
KIR.F;07/02/2012;9,11
KIR.F;06/02/2012;9,085
KIR.F;03/02/2012;9,055
KIR.F;02/02/2012;9,083
KIR.F;01/02/2012;9,104
KIR.F;31/01/2012;9,195
KIR.F;30/01/2012;9,357
KIR.F;27/01/2012;9,436
KIR.F;26/01/2012;9,164
KIR.F;25/01/2012;9,244
KIR.F;24/01/2012;9,2
KIR.F;23/01/2012;9,389
KIR.F;20/01/2012;9,378
KIR.F;19/01/2012;9,323
KIR.F;18/01/2012;9,348
KIR.F;17/01/2012;9,399
KIR.F;16/01/2012;9,335
KIR.F;13/01/2012;9,189
KIR.F;12/01/2012;9,317
KIR.F;11/01/2012;9,486
KIR.F;10/01/2012;9,346
KIR.F;09/01/2012;9,377
KIR.F;06/01/2012;9,307
KIR.F;05/01/2012;9,319
KIR.F;04/01/2012;9,333
KIR.F;03/01/2012;9,371
KIR.F;02/01/2012;9,293
KIR.F;30/12/2011;9,213
KIR.F;29/12/2011;9,161
KIR.F;28/12/2011;9,03
KIR.F;27/12/2011;9,246
KIR.F;26/12/2011;9,113
KIR.F;23/12/2011;9,113
KIR.F;22/12/2011;9,123
KIR.F;21/12/2011;8,978
KIR.F;20/12/2011;8,959
KIR.F;19/12/2011;8,957
KIR.F;16/12/2011;9,102
KIR.F;15/12/2011;9,115
KIR.F;14/12/2011;9,092
KIR.F;13/12/2011;9,074
KIR.F;12/12/2011;9,096
KIR.F;09/12/2011;9,086
KIR.F;08/12/2011;9,084
KIR.F;07/12/2011;9,089
KIR.F;06/12/2011;8,996
KIR.F;05/12/2011;9,007
KIR.F;02/12/2011;8,931
KIR.F;01/12/2011;8,926
KIR.F;30/11/2011;8,916
KIR.F;29/11/2011;8,711
KIR.F;28/11/2011;8,682
KIR.F;25/11/2011;8,627
KIR.F;24/11/2011;8,682
KIR.F;23/11/2011;8,79
KIR.F;22/11/2011;8,759
KIR.F;21/11/2011;8,721
KIR.F;18/11/2011;8,658
KIR.F;17/11/2011;8,698
KIR.F;16/11/2011;8,759
KIR.F;15/11/2011;8,556
KIR.F;14/11/2011;8,434
KIR.F;11/11/2011;8,45
KIR.F;10/11/2011;8,525
KIR.F;09/11/2011;8,843
KIR.F;08/11/2011;8,736
KIR.F;07/11/2011;8,633
KIR.F;04/11/2011;8,911
KIR.F;03/11/2011;8,932
KIR.F;02/11/2011;9,044
KIR.F;01/11/2011;8,918
KIR.F;31/10/2011;9,049
KIR.F;28/10/2011;9,049
KIR.F;27/10/2011;9,091
KIR.F;26/10/2011;9,021
KIR.F;25/10/2011;9,226
KIR.F;24/10/2011;9,378
KIR.F;21/10/2011;9,317
KIR.F;20/10/2011;9,39
KIR.F;19/10/2011;9,347
KIR.F;18/10/2011;9,308
KIR.F;17/10/2011;9,345
KIR.F;14/10/2011;9,312
KIR.F;13/10/2011;9,444
KIR.F;12/10/2011;9,577
KIR.F;11/10/2011;9,624
KIR.F;10/10/2011;9,627
KIR.F;07/10/2011;9,678
KIR.F;06/10/2011;9,808
KIR.F;05/10/2011;9,76
KIR.F;04/10/2011;9,55
KIR.F;03/10/2011;9,963
KIR.F;30/09/2011;9,713
KIR.F;29/09/2011;9,494
KIR.F;28/09/2011;9,504
KIR.F;27/09/2011;9,33
KIR.F;26/09/2011;9,382
KIR.F;23/09/2011;9,396
KIR.F;22/09/2011;9,302
KIR.F;21/09/2011;9,241
KIR.F;20/09/2011;9,326
KIR.F;19/09/2011;9,284
KIR.F;08/09/2011;9,121
KIR.F;02/09/2011;9,161
KIR.F;01/09/2011;9,229
KIR.F;31/08/2011;9,08
KIR.F;30/08/2011;8,861
KIR.F;29/08/2011;8,835
KIR.F;26/08/2011;8,775
KIR.F;25/08/2011;8,782
KIR.F;24/08/2011;8,798
KIR.F;23/08/2011;8,857
KIR.F;22/08/2011;8,881
KIR.F;19/08/2011;8,934
KIR.F;18/08/2011;8,717
KIR.F;17/08/2011;8,967
KIR.F;16/08/2011;8,931
KIR.F;15/08/2011;8,998
KIR.F;12/08/2011;9,096
KIR.F;11/08/2011;9,055
KIR.F;10/08/2011;8,807
KIR.F;09/08/2011;8,594
KIR.F;08/08/2011;8,781
KIR.F;05/08/2011;9,174
KIR.F;04/08/2011;9,221
KIR.F;03/08/2011;9,854
KIR.F;02/08/2011;10,335
KIR.F;01/08/2011;10,225
KIR.F;29/07/2011;10,155
KIR.F;28/07/2011;9,994
KIR.F;26/07/2011;9,985
KIR.F;25/07/2011;9,976
KIR.F;22/07/2011;9,926
KIR.F;21/07/2011;9,95
KIR.F;20/07/2011;9,983
KIR.F;19/07/2011;9,996
KIR.F;18/07/2011;10,085
KIR.F;15/07/2011;9,992
KIR.F;14/07/2011;9,961
KIR.F;13/07/2011;9,968
KIR.F;12/07/2011;10,105
KIR.F;11/07/2011;9,818
KIR.F;08/07/2011;9,68
KIR.F;07/07/2011;9,814
KIR.F;06/07/2011;9,648
KIR.F;05/07/2011;9,513
KIR.F;01/07/2011;9,497
KIR.F;30/06/2011;9,498
KIR.F;29/06/2011;9,484
KIR.F;28/06/2011;9,468
KIR.F;27/06/2011;9,503
KIR.F;24/06/2011;9,43
KIR.F;23/06/2011;9,242
KIR.F;22/06/2011;9,199
KIR.F;21/06/2011;9,053
KIR.F;20/06/2011;9,175
KIR.F;17/06/2011;9,3
KIR.F;16/06/2011;9,426
KIR.F;15/06/2011;9,431
KIR.F;14/06/2011;9,473
KIR.F;13/06/2011;9,438
KIR.F;10/06/2011;9,407
KIR.F;09/06/2011;9,213
KIR.F;08/06/2011;9,232
KIR.F;07/06/2011;9,279
KIR.F;06/06/2011;9,352
KIR.F;03/06/2011;9,488
KIR.F;02/06/2011;9,591
KIR.F;01/06/2011;9,496
KIR.F;31/05/2011;9,579
KIR.F;30/05/2011;9,525
KIR.F;27/05/2011;9,482
KIR.F;26/05/2011;9,431
KIR.F;25/05/2011;9,568
KIR.F;24/05/2011;9,427
KIR.F;23/05/2011;9,493
KIR.F;20/05/2011;9,313
KIR.F;19/05/2011;9,432
KIR.F;18/05/2011;9,574
KIR.F;17/05/2011;9,397
KIR.F;16/05/2011;9,624
KIR.F;13/05/2011;9,524
KIR.F;12/05/2011;9,455
KIR.F;11/05/2011;9,564
KIR.F;10/05/2011;9,615
KIR.F;09/05/2011;9,337
KIR.F;06/05/2011;9,651
KIR.F;05/05/2011;9,547
KIR.F;04/05/2011;9,507
KIR.F;03/05/2011;9,502
KIR.F;02/05/2011;9,46
KIR.F;29/04/2011;9,223
KIR.F;28/04/2011;9,221
KIR.F;27/04/2011;9,094
KIR.F;26/04/2011;8,964
KIR.F;21/04/2011;8,964
KIR.F;20/04/2011;8,9
KIR.F;19/04/2011;9,017
KIR.F;18/04/2011;8,98
KIR.F;15/04/2011;8,863
KIR.F;14/04/2011;8,802
KIR.F;13/04/2011;8,996
KIR.F;12/04/2011;8,931
KIR.F;11/04/2011;8,87
KIR.F;08/04/2011;8,816
KIR.F;07/04/2011;8,769
KIR.F;06/04/2011;8,72
KIR.F;05/04/2011;8,867
KIR.F;04/04/2011;8,947
KIR.F;01/04/2011;9,131
KIR.F;31/03/2011;9,245
KIR.F;30/03/2011;9,211
KIR.F;29/03/2011;9,146
KIR.F;28/03/2011;9,299
KIR.F;25/03/2011;9,293
KIR.F;24/03/2011;9,493
KIR.F;23/03/2011;9,541
KIR.F;22/03/2011;9,282
KIR.F;21/03/2011;8,92
KIR.F;18/03/2011;8,98
KIR.F;17/03/2011;9,028
KIR.F;16/03/2011;9,449
KIR.F;15/03/2011;9,054
KIR.F;14/03/2011;9,512
KIR.F;11/03/2011;9,981
KIR.F;10/03/2011;10,105
KIR.F;09/03/2011;10,195
KIR.F;08/03/2011;10,06
KIR.F;07/03/2011;10,015
KIR.F;04/03/2011;10,045
KIR.F;03/03/2011;10,09
KIR.F;02/03/2011;10,08
KIR.F;01/03/2011;10,205
KIR.F;28/02/2011;10,285
KIR.F;25/02/2011;10,085
KIR.F;24/02/2011;10,18
KIR.F;23/02/2011;10,205
KIR.F;22/02/2011;10,29
KIR.F;21/02/2011;10,28
KIR.F;18/02/2011;10,305
KIR.F;17/02/2011;10,325
KIR.F;16/02/2011;10,21
KIR.F;15/02/2011;10,355
KIR.F;14/02/2011;10,295
KIR.F;11/02/2011;10,21
KIR.F;10/02/2011;10,125
KIR.F;09/02/2011;9,888
KIR.F;08/02/2011;9,829
KIR.F;07/02/2011;9,901
KIR.F;04/02/2011;9,991
KIR.F;03/02/2011;9,7
KIR.F;02/02/2011;9,7
KIR.F;01/02/2011;9,621
KIR.F;31/01/2011;9,792
KIR.F;28/01/2011;9,533
KIR.F;27/01/2011;9,784
KIR.F;26/01/2011;9,882
KIR.F;25/01/2011;9,899
KIR.F;24/01/2011;9,764
KIR.F;21/01/2011;9,683
KIR.F;20/01/2011;9,964
KIR.F;19/01/2011;10,15
KIR.F;18/01/2011;10,23
KIR.F;17/01/2011;10,235
KIR.F;14/01/2011;10,17
KIR.F;13/01/2011;10,455
KIR.F;12/01/2011;10,47
KIR.F;11/01/2011;10,57
KIR.F;10/01/2011;10,68
KIR.F;07/01/2011;10,56
KIR.F;06/01/2011;10,505
KIR.F;05/01/2011;10,435
KIR.F;04/01/2011;10,315
KIR.F;03/01/2011;10,465
KIR.F;30/12/2010;10,47
KIR.F;29/12/2010;10,61
KIR.F;28/12/2010;10,425
KIR.F;27/12/2010;10,54
KIR.F;23/12/2010;10,56
KIR.F;22/12/2010;10,485
KIR.F;21/12/2010;10,515
KIR.F;20/12/2010;10,46
KIR.F;17/12/2010;10,43
KIR.F;16/12/2010;10,485
KIR.F;15/12/2010;10,39
KIR.F;14/12/2010;10,46
KIR.F;13/12/2010;10,465
KIR.F;10/12/2010;10,5
KIR.F;09/12/2010;10,41
KIR.F;08/12/2010;10,475
KIR.F;07/12/2010;10,41
KIR.F;06/12/2010;10,385
KIR.F;03/12/2010;10,46
KIR.F;02/12/2010;10,435
KIR.F;01/12/2010;10,5
KIR.F;30/11/2010;10,505
KIR.F;29/11/2010;10,49
KIR.F;26/11/2010;10,44
KIR.F;25/11/2010;10,4
KIR.F;24/11/2010;10,475
KIR.F;23/11/2010;10,38
KIR.F;22/11/2010;10,29
KIR.F;19/11/2010;10,42
KIR.F;18/11/2010;10,405
KIR.F;17/11/2010;10,45
KIR.F;16/11/2010;10,29
KIR.F;15/11/2010;10,085
KIR.F;12/11/2010;10,005
KIR.F;11/11/2010;10,03
KIR.F;10/11/2010;10,075
KIR.F;09/11/2010;9,583
KIR.F;08/11/2010;9,498
KIR.F;05/11/2010;9,848
KIR.F;04/11/2010;9,495
KIR.F;03/11/2010;9,472
KIR.F;02/11/2010;9,546
KIR.F;01/11/2010;9,75
KIR.F;29/10/2010;9,775
KIR.F;28/10/2010;9,816
KIR.F;27/10/2010;9,839
KIR.F;26/10/2010;9,941
KIR.F;25/10/2010;9,817
KIR.F;22/10/2010;9,937
KIR.F;21/10/2010;9,812
KIR.F;20/10/2010;9,982
KIR.F;19/10/2010;9,838
KIR.F;18/10/2010;10,175
KIR.F;15/10/2010;9,567
KIR.F;14/10/2010;9,721
KIR.F;13/10/2010;9,781
KIR.F;12/10/2010;9,824
KIR.F;11/10/2010;10,045
KIR.F;08/10/2010;10,03
KIR.F;07/10/2010;10,13
KIR.F;06/10/2010;10,205
KIR.F;05/10/2010;10,245
KIR.F;04/10/2010;10,33
KIR.F;01/10/2010;10,33
KIR.F;30/09/2010;10,39
KIR.F;29/09/2010;10,45
KIR.F;28/09/2010;10,44
KIR.F;27/09/2010;10,435
KIR.F;24/09/2010;10,385
KIR.F;23/09/2010;10,35
KIR.F;22/09/2010;10,385
KIR.F;21/09/2010;10,6
KIR.F;20/09/2010;10,555
KIR.F;17/09/2010;10,51
KIR.F;16/09/2010;10,52
KIR.F;15/09/2010;10,81
KIR.F;14/09/2010;10,945
KIR.F;13/09/2010;10,825
KIR.F;10/09/2010;10,955
KIR.F;09/09/2010;10,82
KIR.F;08/09/2010;10,875
KIR.F;07/09/2010;10,7
KIR.F;06/09/2010;10,735
KIR.F;03/09/2010;10,665
KIR.F;02/09/2010;10,935
KIR.F;01/09/2010;10,845
KIR.F;31/08/2010;10,795
KIR.F;30/08/2010;11,06
KIR.F;27/08/2010;10,845
KIR.F;26/08/2010;10,94
KIR.F;25/08/2010;10,88
KIR.F;24/08/2010;10,87
KIR.F;23/08/2010;10,74
KIR.F;20/08/2010;10,665
KIR.F;19/08/2010;10,845
KIR.F;18/08/2010;10,765
KIR.F;17/08/2010;10,775
KIR.F;16/08/2010;10,635
KIR.F;13/08/2010;10,5
KIR.F;12/08/2010;10,455
KIR.F;11/08/2010;10,45
KIR.F;10/08/2010;10,42
KIR.F;09/08/2010;10,415
KIR.F;06/08/2010;10,415
KIR.F;05/08/2010;10,34
KIR.F;04/08/2010;10,195
KIR.F;03/08/2010;10,315
KIR.F;02/08/2010;10,03
KIR.F;30/07/2010;10,11
KIR.F;29/07/2010;10,185
KIR.F;28/07/2010;10,11
KIR.F;27/07/2010;10,055
KIR.F;26/07/2010;10,105
KIR.F;23/07/2010;10,165
KIR.F;22/07/2010;9,842
KIR.F;21/07/2010;9,728
KIR.F;20/07/2010;9,718
KIR.F;19/07/2010;9,82
KIR.F;16/07/2010;9,98
KIR.F;15/07/2010;10,07
KIR.F;14/07/2010;10,16
KIR.F;13/07/2010;10,085
KIR.F;12/07/2010;10,07
KIR.F;09/07/2010;10,075
KIR.F;08/07/2010;10,17
KIR.F;07/07/2010;10,075
KIR.F;06/07/2010;10,095
KIR.F;05/07/2010;10,16
KIR.F;02/07/2010;10,07
KIR.F;01/07/2010;10,32
KIR.F;30/06/2010;10,27
KIR.F;29/06/2010;10,42
KIR.F;28/06/2010;10,465
KIR.F;25/06/2010;10,39
KIR.F;24/06/2010;10,575
KIR.F;23/06/2010;10,44
KIR.F;22/06/2010;10,44
KIR.F;21/06/2010;10,47
KIR.F;18/06/2010;10,36
KIR.F;17/06/2010;10,55
KIR.F;16/06/2010;10,615
KIR.F;15/06/2010;10,425
KIR.F;14/06/2010;10,48
KIR.F;11/06/2010;10,78
KIR.F;10/06/2010;10,755
KIR.F;09/06/2010;10,78
KIR.F;08/06/2010;10,67
KIR.F;07/06/2010;10,915
KIR.F;04/06/2010;10,88
KIR.F;03/06/2010;10,78
KIR.F;02/06/2010;10,775
KIR.F;01/06/2010;10,885
KIR.F;31/05/2010;10,86
KIR.F;28/05/2010;10,765
KIR.F;27/05/2010;10,9
KIR.F;26/05/2010;10,915
KIR.F;25/05/2010;11,08
KIR.F;24/05/2010;10,835
KIR.F;21/05/2010;10,75
KIR.F;20/05/2010;11,08
KIR.F;19/05/2010;11,32
KIR.F;18/05/2010;11,245
KIR.F;17/05/2010;11,3
KIR.F;14/05/2010;11,225
KIR.F;13/05/2010;11,2
KIR.F;12/05/2010;11,15
KIR.F;11/05/2010;10,935
KIR.F;10/05/2010;10,815
KIR.F;07/05/2010;11,12
KIR.F;06/05/2010;11,065
KIR.F;05/05/2010;10,64
KIR.F;04/05/2010;10,71
KIR.F;03/05/2010;10,65
KIR.F;30/04/2010;10,695
KIR.F;29/04/2010;10,69
KIR.F;28/04/2010;10,695
KIR.F;27/04/2010;10,675
KIR.F;26/04/2010;10,8
KIR.F;23/04/2010;10,91
KIR.F;22/04/2010;10,77
KIR.F;21/04/2010;10,84
KIR.F;20/04/2010;10,745
KIR.F;19/04/2010;10,895
KIR.F;16/04/2010;10,865
KIR.F;15/04/2010;10,675
KIR.F;14/04/2010;10,53
KIR.F;13/04/2010;10,735
KIR.F;12/04/2010;10,68
KIR.F;09/04/2010;10,895
KIR.F;08/04/2010;11
KIR.F;07/04/2010;10,99
KIR.F;06/04/2010;11,1
KIR.F;01/04/2010;10,955
KIR.F;31/03/2010;10,92
KIR.F;30/03/2010;10,71
KIR.F;29/03/2010;10,85
KIR.F;26/03/2010;10,855
KIR.F;25/03/2010;10,505
KIR.F;24/03/2010;10,6
KIR.F;23/03/2010;10,67
KIR.F;22/03/2010;10,685
KIR.F;19/03/2010;10,62
KIR.F;18/03/2010;10,485
KIR.F;17/03/2010;10,345
KIR.F;16/03/2010;10,44
KIR.F;15/03/2010;10,29
KIR.F;12/03/2010;10,52
KIR.F;11/03/2010;10,54
KIR.F;10/03/2010;10,67
KIR.F;09/03/2010;10,39
KIR.F;08/03/2010;10,38
KIR.F;05/03/2010;10,465
KIR.F;04/03/2010;10,3
KIR.F;03/03/2010;10,305
KIR.F;02/03/2010;10,195
KIR.F;01/03/2010;10,125
KIR.F;26/02/2010;10,07
KIR.F;25/02/2010;10,345
KIR.F;24/02/2010;10,215
KIR.F;23/02/2010;10,195
KIR.F;22/02/2010;10,29
KIR.F;19/02/2010;10,07
KIR.F;18/02/2010;10,45
KIR.F;17/02/2010;10,35
KIR.F;16/02/2010;10,28
KIR.F;15/02/2010;10,34
KIR.F;12/02/2010;10,665
KIR.F;11/02/2010;10,735
KIR.F;10/02/2010;10,755
KIR.F;09/02/2010;10,92
KIR.F;08/02/2010;10,855
KIR.F;05/02/2010;11,59
KIR.F;04/02/2010;11,23
KIR.F;03/02/2010;10,905
KIR.F;02/02/2010;10,875
KIR.F;01/02/2010;11,15
KIR.F;29/01/2010;10,875
KIR.F;28/01/2010;10,995
KIR.F;27/01/2010;11
KIR.F;26/01/2010;10,995
KIR.F;25/01/2010;10,94
KIR.F;22/01/2010;11,065
KIR.F;21/01/2010;11,125
KIR.F;20/01/2010;11,145
KIR.F;19/01/2010;11,075
KIR.F;18/01/2010;11,045
KIR.F;15/01/2010;11,145
KIR.F;14/01/2010;10,99
KIR.F;13/01/2010;11,045
KIR.F;12/01/2010;11,19
KIR.F;05/01/2010;11,065
KIR.F;28/12/2009;11,4
KIR.F;26/11/2009;10,68
KIR.F;15/10/2009;10,22
KIR.F;26/08/2009;10,15
KIR.F;29/07/2009;10,56
KIR.F;27/07/2009;10,17
KIR.F;18/05/2009;8,72
KIR.F;05/05/2009;8,08
KIR.F;04/05/2009;8,04
KIR.F;14/04/2009;8,39
KIR.F;17/02/2009;8,09
KIR.F;09/02/2009;8,51
KIR.F;19/01/2009;8,65
KIR.F;16/01/2009;8,82
KIR.F;15/01/2009;8,59
KIR.F;14/01/2009;8,79
KIR.F;13/01/2009;9,01
KIR.F;12/01/2009;8,85
KIR.F;09/01/2009;8,76
KIR.F;08/01/2009;8,85
KIR.F;07/01/2009;8,64
KIR.F;06/01/2009;9,06
KIR.F;05/01/2009;8,95
KIR.F;02/01/2009;9,14
KIR.F;30/12/2008;9,1
KIR.F;29/12/2008;8,85
KIR.F;23/12/2008;9,02
KIR.F;22/12/2008;9,03
KIR.F;19/12/2008;8,86
KIR.F;18/12/2008;8,68
KIR.F;17/12/2008;8,89
KIR.F;16/12/2008;8,85
KIR.F;15/12/2008;9,2
KIR.F;12/12/2008;9
KIR.F;11/12/2008;9,41
KIR.F;10/12/2008;9,5
KIR.F;09/12/2008;9,55
KIR.F;08/12/2008;9,15
KIR.F;05/12/2008;9,23
KIR.F;04/12/2008;9,29
KIR.F;03/12/2008;9,35
KIR.F;02/12/2008;9,13
KIR.F;01/12/2008;9,7
KIR.F;28/11/2008;9,23
KIR.F;27/11/2008;9,38
KIR.F;26/11/2008;9,17
KIR.F;25/11/2008;9,16
KIR.F;24/11/2008;8,81
KIR.F;21/11/2008;8,89
KIR.F;20/11/2008;8,69
KIR.F;19/11/2008;8,58
KIR.F;18/11/2008;8,8
KIR.F;17/11/2008;8,9
KIR.F;14/11/2008;8,62
KIR.F;13/11/2008;8,19
KIR.F;12/11/2008;8,11
KIR.F;11/11/2008;8,48
KIR.F;10/11/2008;8,7
KIR.F;07/11/2008;8,67
KIR.F;06/11/2008;8,82
KIR.F;05/11/2008;9,4
KIR.F;04/11/2008;8,79
KIR.F;03/11/2008;8,31
KIR.F;31/10/2008;8,41
KIR.F;30/10/2008;8,33
KIR.F;29/10/2008;8,56
KIR.F;28/10/2008;8,68
KIR.F;27/10/2008;8,16
KIR.F;24/10/2008;8,68
KIR.F;23/10/2008;8,8
KIR.F;22/10/2008;8,9
KIR.F;21/10/2008;8,9
KIR.F;20/10/2008;8,53
KIR.F;17/10/2008;8,15
KIR.F;16/10/2008;7,5
KIR.F;15/10/2008;8,39
KIR.F;14/10/2008;8,32
KIR.F;13/10/2008;7,49
KIR.F;10/10/2008;7,65
KIR.F;09/10/2008;8,03
KIR.F;08/10/2008;8,28
KIR.F;07/10/2008;9
KIR.F;06/10/2008;9,51
KIR.F;03/10/2008;9,51
KIR.F;02/10/2008;9,64
KIR.F;01/10/2008;9,32
KIR.F;30/09/2008;9,07
KIR.F;29/09/2008;9,25
KIR.F;26/09/2008;9,24
KIR.F;25/09/2008;9,07
KIR.F;24/09/2008;9,14
KIR.F;23/09/2008;8,88
KIR.F;22/09/2008;9,13
KIR.F;19/09/2008;9,58
KIR.F;18/09/2008;9,43
KIR.F;17/09/2008;9,57
KIR.F;16/09/2008;9,54
KIR.F;15/09/2008;9,69
KIR.F;12/09/2008;10,01
KIR.F;11/09/2008;10,48
KIR.F;10/09/2008;10,54
KIR.F;09/09/2008;10,54
KIR.F;08/09/2008;10,33
KIR.F;05/09/2008;10,6
KIR.F;04/09/2008;10,64
KIR.F;03/09/2008;10,5
KIR.F;02/09/2008;10,16
KIR.F;01/09/2008;10,13
KIR.F;29/08/2008;10,11
KIR.F;28/08/2008;9,76
KIR.F;27/08/2008;9,88
KIR.F;26/08/2008;9,85
KIR.F;25/08/2008;9,87
KIR.F;22/08/2008;9,67
KIR.F;21/08/2008;9,74
KIR.F;20/08/2008;9,71
KIR.F;19/08/2008;9,88
KIR.F;18/08/2008;9,78
KIR.F;28/07/2008;9,38
KIR.F;25/07/2008;9,31
KIR.F;24/07/2008;9,13
KIR.F;23/07/2008;9,05
KIR.F;22/07/2008;8,83
KIR.F;21/07/2008;8,8
KIR.F;18/07/2008;8,84
KIR.F;17/07/2008;8,9
KIR.F;16/07/2008;8,83
KIR.F;15/07/2008;8,85
KIR.F;14/07/2008;8,94
KIR.F;11/07/2008;8,94
KIR.F;10/07/2008;9,04
KIR.F;09/07/2008;9,14
KIR.F;08/07/2008;9,26
KIR.F;07/07/2008;9,28
KIR.F;04/07/2008;9,26
KIR.F;03/07/2008;9,43
KIR.F;02/07/2008;9,36
KIR.F;01/07/2008;9,74
KIR.F;30/06/2008;9,82
KIR.F;27/06/2008;9,59
KIR.F;26/06/2008;9,71
KIR.F;25/06/2008;9,76
KIR.F;24/06/2008;9,81
KIR.F;23/06/2008;9,81
KIR.F;20/06/2008;9,85
KIR.F;19/06/2008;9,86
KIR.F;18/06/2008;9,98
KIR.F;17/06/2008;10,03
KIR.F;16/06/2008;10,04
KIR.F;13/06/2008;10,09
KIR.F;12/06/2008;10,07
KIR.F;11/06/2008;9,92
KIR.F;10/06/2008;10,03
KIR.F;09/06/2008;10,11
KIR.F;06/06/2008;10,24
KIR.F;05/06/2008;10,42
KIR.F;04/06/2008;10,46
KIR.F;03/06/2008;10,39
KIR.F;02/06/2008;10,53
KIR.F;30/05/2008;10,61
KIR.F;29/05/2008;10,57
KIR.F;28/05/2008;10,35
KIR.F;27/05/2008;10,54
KIR.F;26/05/2008;10,4
KIR.F;23/05/2008;10,65
KIR.F;22/05/2008;10,5
KIR.F;21/05/2008;10,52
KIR.F;20/05/2008;10,58
KIR.F;19/05/2008;10,65
KIR.F;16/05/2008;10,68
KIR.F;15/05/2008;10,51
KIR.F;14/05/2008;10,53
KIR.F;13/05/2008;10,57
KIR.F;12/05/2008;10,68
KIR.F;09/05/2008;10,53
KIR.F;08/05/2008;10,46
KIR.F;07/05/2008;10,31
KIR.F;06/05/2008;10,31
KIR.F;05/05/2008;10,29
KIR.F;02/05/2008;10,32
KIR.F;30/04/2008;11,36
KIR.F;29/04/2008;11,1
KIR.F;28/04/2008;11,02
KIR.F;25/04/2008;11,24
KIR.F;24/04/2008;11,03
KIR.F;23/04/2008;11,16
KIR.F;22/04/2008;11,45
KIR.F;21/04/2008;11,28
KIR.F;18/04/2008;11,42
KIR.F;17/04/2008;11,35
KIR.F;16/04/2008;12,08
KIR.F;15/04/2008;12,01
KIR.F;14/04/2008;12,05
KIR.F;11/04/2008;12,04
KIR.F;10/04/2008;12,1
KIR.F;09/04/2008;12,14
KIR.F;08/04/2008;12,43
KIR.F;07/04/2008;12,11
KIR.F;04/04/2008;11,89
KIR.F;03/04/2008;11,53
KIR.F;02/04/2008;11,76
KIR.F;01/04/2008;11,91
KIR.F;31/03/2008;11,86
KIR.F;28/03/2008;11,86
KIR.F;27/03/2008;11,43
KIR.F;26/03/2008;11,34
KIR.F;25/03/2008;11,14
KIR.F;20/03/2008;11,3
KIR.F;19/03/2008;11,42
KIR.F;18/03/2008;11,32
KIR.F;17/03/2008;11,26
KIR.F;14/03/2008;11,24
KIR.F;13/03/2008;11,33
KIR.F;12/03/2008;11,53
KIR.F;11/03/2008;11,52
KIR.F;10/03/2008;11,59
KIR.F;07/03/2008;11,44
KIR.F;06/03/2008;11,38
KIR.F;05/03/2008;10,97
KIR.F;04/03/2008;10,96
KIR.F;03/03/2008;11,15
KIR.F;29/02/2008;11,01
KIR.F;28/02/2008;10,75
KIR.F;27/02/2008;10,96
KIR.F;26/02/2008;10,65
KIR.F;25/02/2008;11,04
KIR.F;22/02/2008;10,74
KIR.F;21/02/2008;10,89
KIR.F;20/02/2008;10,65
KIR.F;19/02/2008;10,83
KIR.F;18/02/2008;10,84
KIR.F;15/02/2008;10,8
KIR.F;14/02/2008;10,75
KIR.F;13/02/2008;10,85
KIR.F;12/02/2008;11,1
KIR.F;11/02/2008;11,11
KIR.F;08/02/2008;11,09
KIR.F;07/02/2008;10,6
KIR.F;06/02/2008;10,83
KIR.F;05/02/2008;10,63
KIR.F;04/02/2008;10,6
KIR.F;01/02/2008;10,7
KIR.F;31/01/2008;10,66
KIR.F;30/01/2008;10,22
KIR.F;29/01/2008;10,22
KIR.F;28/01/2008;10,24
KIR.F;25/01/2008;10,41
KIR.F;24/01/2008;10,32
KIR.F;23/01/2008;10,34
KIR.F;22/01/2008;10,65
KIR.F;21/01/2008;10,46
KIR.F;18/01/2008;10,43
KIR.F;17/01/2008;10,49
KIR.F;16/01/2008;10,08
KIR.F;15/01/2008;9,95
KIR.F;14/01/2008;9,87
KIR.F;11/01/2008;9,84
KIR.F;10/01/2008;9,97
KIR.F;09/01/2008;9,89
KIR.F;08/01/2008;9,65
KIR.F;07/01/2008;9,78
KIR.F;04/01/2008;9,7
KIR.F;03/01/2008;10,06
KIR.F;02/01/2008;9,89
KIR.F;28/12/2007;9,78
KIR.F;27/12/2007;9,98
KIR.F;21/12/2007;10,27
KIR.F;20/12/2007;10,34
KIR.F;19/12/2007;10,06
KIR.F;18/12/2007;10,35
KIR.F;17/12/2007;10,37
KIR.F;14/12/2007;10,53
KIR.F;13/12/2007;10,5
KIR.F;12/12/2007;10,47
KIR.F;11/12/2007;10,62
KIR.F;10/12/2007;10,53
KIR.F;07/12/2007;10,64
KIR.F;06/12/2007;10,73
KIR.F;05/12/2007;10,67
KIR.F;04/12/2007;10,69
KIR.F;03/12/2007;10,61
KIR.F;30/11/2007;10,83
KIR.F;29/11/2007;10,67
KIR.F;28/11/2007;10,61
KIR.F;27/11/2007;10,58
KIR.F;26/11/2007;10,5
KIR.F;23/11/2007;10,39
KIR.F;22/11/2007;10,34
KIR.F;21/11/2007;10,37
KIR.F;20/11/2007;10,26
KIR.F;19/11/2007;10,53
KIR.F;16/11/2007;10,37
KIR.F;15/11/2007;10,11
KIR.F;14/11/2007;10,22
KIR.F;13/11/2007;10,18
KIR.F;12/11/2007;10,08
KIR.F;09/11/2007;9,87
KIR.F;08/11/2007;10,19
KIR.F;07/11/2007;10,33
KIR.F;06/11/2007;10,13
KIR.F;05/11/2007;10,22
KIR.F;02/11/2007;10,06
KIR.F;01/11/2007;9,82
KIR.F;31/10/2007;9,57
KIR.F;30/10/2007;9,45
KIR.F;29/10/2007;9,48
KIR.F;26/10/2007;9,47
KIR.F;25/10/2007;9,41
KIR.F;24/10/2007;9,24
KIR.F;23/10/2007;9,45
KIR.F;22/10/2007;9,37
KIR.F;19/10/2007;9,57
KIR.F;18/10/2007;9,36
KIR.F;17/10/2007;9,5
KIR.F;16/10/2007;9,33
KIR.F;15/10/2007;9,36
KIR.F;12/10/2007;9,52
KIR.F;11/10/2007;9,4
KIR.F;10/10/2007;9,36
KIR.F;09/10/2007;9,46
KIR.F;08/10/2007;9,31
KIR.F;05/10/2007;9,35
KIR.F;04/10/2007;9,31
KIR.F;03/10/2007;9,32
KIR.F;02/10/2007;9,46
KIR.F;01/10/2007;9,48
KIR.F;28/09/2007;9,21
KIR.F;27/09/2007;9,14
KIR.F;26/09/2007;8,98
KIR.F;25/09/2007;8,96
KIR.F;24/09/2007;8,65
KIR.F;21/09/2007;8,68
KIR.F;20/09/2007;8,89
KIR.F;19/09/2007;8,88
KIR.F;18/09/2007;8,8
KIR.F;17/09/2007;9,19
KIR.F;14/09/2007;9,03
KIR.F;13/09/2007;9,15
KIR.F;12/09/2007;9,08
KIR.F;11/09/2007;9,35
KIR.F;10/09/2007;9,36
KIR.F;07/09/2007;9,39
KIR.F;06/09/2007;9,56
KIR.F;05/09/2007;9,46
KIR.F;04/09/2007;9,44
KIR.F;03/09/2007;9,36
KIR.F;31/08/2007;9,13
KIR.F;30/08/2007;9,28
KIR.F;29/08/2007;9,41
KIR.F;28/08/2007;9,68
KIR.F;27/08/2007;9,4
KIR.F;24/08/2007;9,59
KIR.F;23/08/2007;9,72
KIR.F;22/08/2007;9,71
KIR.F;21/08/2007;9,69
KIR.F;20/08/2007;9,59
KIR.F;17/08/2007;9,62
KIR.F;16/08/2007;9,65
KIR.F;15/08/2007;10,06
KIR.F;14/08/2007;9,93
KIR.F;13/08/2007;9,82
KIR.F;10/08/2007;10,05
KIR.F;09/08/2007;9,5
KIR.F;08/08/2007;9,71
KIR.F;07/08/2007;9,3
KIR.F;06/08/2007;9,65
KIR.F;03/08/2007;9,83
KIR.F;02/08/2007;9,99
KIR.F;01/08/2007;10,16
KIR.F;31/07/2007;10,28
KIR.F;30/07/2007;10,4
KIR.F;27/07/2007;10,44
KIR.F;26/07/2007;10,72
KIR.F;25/07/2007;10,74
KIR.F;24/07/2007;10,84
KIR.F;23/07/2007;10,75
KIR.F;20/07/2007;10,72
KIR.F;19/07/2007;10,86
KIR.F;18/07/2007;10,75
KIR.F;17/07/2007;10,88
KIR.F;16/07/2007;10,91
KIR.F;13/07/2007;10,85
KIR.F;12/07/2007;10,82
KIR.F;11/07/2007;11,07
KIR.F;10/07/2007;11,2
KIR.F;09/07/2007;11,36
KIR.F;06/07/2007;11,17
KIR.F;05/07/2007;10,93
KIR.F;04/07/2007;10,95
KIR.F;03/07/2007;10,89
KIR.F;02/07/2007;11
KIR.F;29/06/2007;11,03
KIR.F;28/06/2007;11,1
KIR.F;27/06/2007;10,98
KIR.F;26/06/2007;10,9
KIR.F;25/06/2007;10,82
KIR.F;22/06/2007;10,78
KIR.F;21/06/2007;11,01
KIR.F;20/06/2007;11,13
KIR.F;19/06/2007;10,96
KIR.F;18/06/2007;10,9
KIR.F;15/06/2007;11,01
KIR.F;14/06/2007;11,06
KIR.F;13/06/2007;11,14
KIR.F;12/06/2007;11,47
KIR.F;11/06/2007;11,4
KIR.F;08/06/2007;11,35
KIR.F;07/06/2007;11,33
KIR.F;06/06/2007;11,36
KIR.F;05/06/2007;11,31
KIR.F;04/06/2007;11,3
KIR.F;01/06/2007;11,51
KIR.F;31/05/2007;11,46
KIR.F;30/05/2007;11,37
KIR.F;29/05/2007;11,57
KIR.F;25/05/2007;11,28
KIR.F;24/05/2007;11,44
KIR.F;23/05/2007;11,47
KIR.F;22/05/2007;11,36
KIR.F;21/05/2007;11,22
KIR.F;18/05/2007;11,19
KIR.F;17/05/2007;11,32
KIR.F;16/05/2007;11,36
KIR.F;15/05/2007;11,31
KIR.F;14/05/2007;11,57
KIR.F;11/05/2007;11,48
KIR.F;10/05/2007;11,48
KIR.F;09/05/2007;11,68
KIR.F;08/05/2007;11,09
KIR.F;07/05/2007;10,95
KIR.F;04/05/2007;10,93
KIR.F;03/05/2007;10,91
KIR.F;02/05/2007;10,96
KIR.F;30/04/2007;11,03
KIR.F;27/04/2007;11,04
KIR.F;26/04/2007;11,17
KIR.F;25/04/2007;10,94
KIR.F;24/04/2007;10,94
KIR.F;23/04/2007;10,97
KIR.F;20/04/2007;10,88
KIR.F;19/04/2007;10,78
KIR.F;18/04/2007;11,12
KIR.F;17/04/2007;10,92
KIR.F;16/04/2007;11,07
KIR.F;13/04/2007;10,86
KIR.F;12/04/2007;10,84
KIR.F;11/04/2007;10,96
KIR.F;10/04/2007;10,85
KIR.F;05/04/2007;10,79
KIR.F;04/04/2007;10,8
KIR.F;03/04/2007;10,72
KIR.F;02/04/2007;10,72
KIR.F;30/03/2007;10,75
KIR.F;29/03/2007;10,78
KIR.F;28/03/2007;11
KIR.F;27/03/2007;11,01
KIR.F;26/03/2007;11,06
KIR.F;23/03/2007;11
KIR.F;22/03/2007;11,01
KIR.F;21/03/2007;11
KIR.F;20/03/2007;11,14
KIR.F;19/03/2007;11,08
KIR.F;16/03/2007;11
KIR.F;15/03/2007;11,2
KIR.F;14/03/2007;11,17
KIR.F;13/03/2007;11,32
KIR.F;12/03/2007;11,22
KIR.F;09/03/2007;11,08
KIR.F;08/03/2007;11,17
KIR.F;07/03/2007;11,11
KIR.F;06/03/2007;10,94
KIR.F;05/03/2007;11,17
KIR.F;02/03/2007;11,3
KIR.F;01/03/2007;11,5
KIR.F;28/02/2007;11,61
KIR.F;27/02/2007;11,77
KIR.F;26/02/2007;11,64
KIR.F;23/02/2007;11,73
KIR.F;22/02/2007;11,79
KIR.F;21/02/2007;11,78
KIR.F;20/02/2007;11,95
KIR.F;19/02/2007;12,09
KIR.F;16/02/2007;12,11
KIR.F;15/02/2007;11,58
KIR.F;14/02/2007;11,46
KIR.F;13/02/2007;11,6
KIR.F;12/02/2007;11,57
KIR.F;09/02/2007;11,66
KIR.F;08/02/2007;11,57
KIR.F;07/02/2007;12,15
KIR.F;06/02/2007;12,15
KIR.F;05/02/2007;11,99
KIR.F;02/02/2007;11,91
KIR.F;01/02/2007;11,87
KIR.F;31/01/2007;11,88
KIR.F;30/01/2007;11,95
KIR.F;29/01/2007;11,96
KIR.F;26/01/2007;11,86
KIR.F;25/01/2007;11,88
KIR.F;24/01/2007;11,75
KIR.F;23/01/2007;11,57
KIR.F;22/01/2007;11,61
KIR.F;19/01/2007;11,56
KIR.F;18/01/2007;11,59
KIR.F;17/01/2007;11,8
KIR.F;16/01/2007;11,85
KIR.F;15/01/2007;11,95
KIR.F;12/01/2007;11,91
KIR.F;11/01/2007;11,6
KIR.F;10/01/2007;11,75
KIR.F;09/01/2007;12,18
KIR.F;08/01/2007;12,11
KIR.F;05/01/2007;12
KIR.F;04/01/2007;12,23
KIR.F;03/01/2007;11,79
KIR.F;02/01/2007;11,82
KIR.F;29/12/2006;11,86
KIR.F;28/12/2006;11,96
KIR.F;27/12/2006;12,04
KIR.F;22/12/2006;12,08
KIR.F;21/12/2006;12,31
KIR.F;20/12/2006;11,65
KIR.F;19/12/2006;11,25
KIR.F;18/12/2006;11,29
KIR.F;15/12/2006;11,3
KIR.F;14/12/2006;11,04
KIR.F;13/12/2006;10,95
KIR.F;12/12/2006;11,01
KIR.F;11/12/2006;10,93
KIR.F;08/12/2006;10,83
KIR.F;07/12/2006;10,82
KIR.F;06/12/2006;10,85
KIR.F;05/12/2006;10,9
KIR.F;04/12/2006;10,74
KIR.F;01/12/2006;10,55
KIR.F;30/11/2006;10,57
KIR.F;29/11/2006;10,54
KIR.F;28/11/2006;10,45
KIR.F;27/11/2006;10,56
KIR.F;24/11/2006;10,53
KIR.F;23/11/2006;10,57
KIR.F;22/11/2006;10,54
KIR.F;21/11/2006;10,45
KIR.F;20/11/2006;10,43
KIR.F;17/11/2006;10,58
KIR.F;16/11/2006;10,15
KIR.F;15/11/2006;10,24
KIR.F;14/11/2006;10,2
KIR.F;13/11/2006;10,28
KIR.F;10/11/2006;10,13
KIR.F;09/11/2006;10,22
KIR.F;08/11/2006;10,28
KIR.F;07/11/2006;10,39
KIR.F;06/11/2006;10,25
KIR.F;03/11/2006;10,33
KIR.F;02/11/2006;10,52
KIR.F;01/11/2006;10,25
KIR.F;31/10/2006;10,34
KIR.F;30/10/2006;10,32
KIR.F;27/10/2006;10,45
KIR.F;26/10/2006;10,7
KIR.F;25/10/2006;10,64
KIR.F;24/10/2006;10,69
KIR.F;23/10/2006;10,69
KIR.F;20/10/2006;10,69
KIR.F;19/10/2006;10,53
KIR.F;18/10/2006;10,58
KIR.F;17/10/2006;10,57
KIR.F;16/10/2006;10,55
KIR.F;13/10/2006;10,4
KIR.F;12/10/2006;10,45
KIR.F;11/10/2006;10,53
KIR.F;10/10/2006;10,51
KIR.F;09/10/2006;10,52
KIR.F;06/10/2006;10,55
KIR.F;05/10/2006;10,68
KIR.F;04/10/2006;10,49
KIR.F;03/10/2006;10,67
KIR.F;02/10/2006;10,62
KIR.F;29/09/2006;10,45
KIR.F;28/09/2006;10,42
KIR.F;27/09/2006;10,56
KIR.F;26/09/2006;10,41
KIR.F;25/09/2006;10,42
KIR.F;22/09/2006;10,36
KIR.F;21/09/2006;10,58
KIR.F;20/09/2006;10,63
KIR.F;19/09/2006;10,57
KIR.F;18/09/2006;10,64
KIR.F;15/09/2006;10,64
KIR.F;14/09/2006;10,77
KIR.F;13/09/2006;10,55
KIR.F;12/09/2006;10,59
KIR.F;11/09/2006;10,72
KIR.F;08/09/2006;10,92
KIR.F;07/09/2006;10,71
KIR.F;06/09/2006;10,89
KIR.F;05/09/2006;10,84
KIR.F;04/09/2006;10,85
KIR.F;01/09/2006;10,86
KIR.F;31/08/2006;10,75
KIR.F;30/08/2006;10,6
KIR.F;29/08/2006;10,57
KIR.F;28/08/2006;10,59
KIR.F;25/08/2006;10,71
KIR.F;24/08/2006;10,71
KIR.F;23/08/2006;10,71
KIR.F;22/08/2006;10,81
KIR.F;21/08/2006;10,84
KIR.F;18/08/2006;10,83
KIR.F;17/08/2006;10,95
KIR.F;16/08/2006;11,16
KIR.F;15/08/2006;10,96
KIR.F;14/08/2006;11,09
KIR.F;11/08/2006;10,99
KIR.F;10/08/2006;10,93
KIR.F;09/08/2006;11,16
KIR.F;08/08/2006;11,1
KIR.F;07/08/2006;11,01
KIR.F;04/08/2006;11,25
KIR.F;03/08/2006;11,27
KIR.F;02/08/2006;11,62
KIR.F;01/08/2006;11,43
KIR.F;31/07/2006;11,58
KIR.F;28/07/2006;11,47
KIR.F;27/07/2006;11,34
KIR.F;26/07/2006;11,33
KIR.F;25/07/2006;11,15
KIR.F;24/07/2006;11,1
KIR.F;21/07/2006;11,05
KIR.F;20/07/2006;11,27
KIR.F;19/07/2006;11,02
KIR.F;18/07/2006;11,28
KIR.F;17/07/2006;11,32
KIR.F;14/07/2006;11,33
KIR.F;13/07/2006;11,43
KIR.F;12/07/2006;11,77
KIR.F;11/07/2006;12,18
KIR.F;10/07/2006;12,6
KIR.F;07/07/2006;12,25
KIR.F;06/07/2006;12,27
KIR.F;05/07/2006;12,25
KIR.F;04/07/2006;12,17
KIR.F;03/07/2006;12,44
KIR.F;30/06/2006;12,27
KIR.F;29/06/2006;12,22
KIR.F;28/06/2006;11,78
KIR.F;27/06/2006;11,76
KIR.F;26/06/2006;11,86
KIR.F;23/06/2006;11,65
KIR.F;22/06/2006;11,76
KIR.F;21/06/2006;11,61
KIR.F;20/06/2006;11,51
KIR.F;19/06/2006;11,36
KIR.F;14/06/2006;11,07
KIR.F;13/06/2006;11,21
KIR.F;12/06/2006;11,63
KIR.F;09/06/2006;11,88
KIR.F;08/06/2006;11,9
KIR.F;07/06/2006;12,23
KIR.F;06/06/2006;12,07
KIR.F;05/06/2006;12,46
KIR.F;02/06/2006;12,62
KIR.F;01/06/2006;12,39
KIR.F;31/05/2006;12,51
KIR.F;30/05/2006;12,53
KIR.F;29/05/2006;12,89
KIR.F;26/05/2006;12,9
KIR.F;25/05/2006;12,45
KIR.F;24/05/2006;12,56
KIR.F;23/05/2006;12,39
KIR.F;22/05/2006;12,55
KIR.F;19/05/2006;12,61
KIR.F;18/05/2006;12,51
KIR.F;17/05/2006;12,9
KIR.F;16/05/2006;13,09
KIR.F;15/05/2006;13,21
KIR.F;12/05/2006;13,3
KIR.F;11/05/2006;12,46
KIR.F;10/05/2006;12,44
KIR.F;09/05/2006;12,5
KIR.F;08/05/2006;12,26
KIR.F;05/05/2006;11,93
KIR.F;04/05/2006;11,97
KIR.F;03/05/2006;12,1
KIR.F;02/05/2006;12,17
KIR.F;28/04/2006;11,73
KIR.F;27/04/2006;11,78
KIR.F;26/04/2006;11,87
KIR.F;25/04/2006;11,99
KIR.F;24/04/2006;11,9
KIR.F;21/04/2006;11,9
KIR.F;20/04/2006;11,57
KIR.F;19/04/2006;11,66
KIR.F;18/04/2006;11,86
KIR.F;13/04/2006;11,39
KIR.F;12/04/2006;11,33
KIR.F;11/04/2006;11,3
KIR.F;10/04/2006;11,41
KIR.F;07/04/2006;11,3
KIR.F;06/04/2006;11,32
KIR.F;05/04/2006;11,36
KIR.F;04/04/2006;11,13
KIR.F;03/04/2006;11,26
KIR.F;31/03/2006;11,15
KIR.F;30/03/2006;11,19
KIR.F;29/03/2006;11,39
KIR.F;28/03/2006;11,28
KIR.F;24/03/2006;11,26
KIR.F;23/03/2006;11,18
KIR.F;22/03/2006;11,09
KIR.F;21/03/2006;11,2
KIR.F;20/03/2006;11,19
KIR.F;17/03/2006;11,11
KIR.F;16/03/2006;10,7
KIR.F;15/03/2006;11,04
KIR.F;14/03/2006;10,91
KIR.F;13/03/2006;10,87
KIR.F;10/03/2006;10,86
KIR.F;09/03/2006;11,26
KIR.F;08/03/2006;10,73
KIR.F;07/03/2006;10,89
KIR.F;06/03/2006;10,77
KIR.F;03/03/2006;10,76
KIR.F;02/03/2006;10,82
KIR.F;01/03/2006;10,86
KIR.F;28/02/2006;11,32
KIR.F;27/02/2006;10,94
KIR.F;24/02/2006;10,72
KIR.F;23/02/2006;10,51
KIR.F;22/02/2006;10,22
KIR.F;21/02/2006;10,22
KIR.F;20/02/2006;10,27
KIR.F;17/02/2006;10,26
KIR.F;16/02/2006;10,41
KIR.F;15/02/2006;10,22
KIR.F;14/02/2006;10,34
KIR.F;13/02/2006;10,22
KIR.F;10/02/2006;10,3
KIR.F;09/02/2006;10,02
KIR.F;08/02/2006;10,02
KIR.F;07/02/2006;10,17
KIR.F;06/02/2006;10,22
KIR.F;03/02/2006;10,34
KIR.F;02/02/2006;10,35
KIR.F;01/02/2006;10,3
KIR.F;31/01/2006;10,22
KIR.F;30/01/2006;10,44
KIR.F;27/01/2006;10,39
KIR.F;26/01/2006;10,11
KIR.F;25/01/2006;10,02
KIR.F;24/01/2006;10,3
KIR.F;23/01/2006;10,16
KIR.F;20/01/2006;10,32
KIR.F;19/01/2006;10,31
KIR.F;18/01/2006;9,87
KIR.F;17/01/2006;10,02
KIR.F;16/01/2006;9,59
KIR.F;13/01/2006;9,81
KIR.F;12/01/2006;9,86
KIR.F;11/01/2006;9,82
KIR.F;10/01/2006;9,81
KIR.F;09/01/2006;9,83
KIR.F;06/01/2006;9,69
KIR.F;05/01/2006;9,73
KIR.F;04/01/2006;9,67
KIR.F;03/01/2006;9,79
KIR.F;02/01/2006;9,81
KIR.F;30/12/2005;9,96
KIR.F;29/12/2005;10,11
KIR.F;28/12/2005;10,24
KIR.F;27/12/2005;10,07
KIR.F;23/12/2005;10,37
KIR.F;22/12/2005;10,33
KIR.F;21/12/2005;10,25
KIR.F;20/12/2005;10
KIR.F;19/12/2005;10,01
KIR.F;16/12/2005;9,41
KIR.F;15/12/2005;9,36
KIR.F;14/12/2005;9,26
KIR.F;13/12/2005;9,3
KIR.F;12/12/2005;9,3
KIR.F;09/12/2005;9,3
KIR.F;08/12/2005;9,3
KIR.F;07/12/2005;9,28
KIR.F;06/12/2005;9,12
KIR.F;05/12/2005;9,12
KIR.F;02/12/2005;9,22
KIR.F;01/12/2005;9,11
KIR.F;30/11/2005;9,06
KIR.F;29/11/2005;9,13
KIR.F;28/11/2005;9,21
KIR.F;25/11/2005;9,02
KIR.F;24/11/2005;9,02
KIR.F;23/11/2005;9,07
KIR.F;22/11/2005;9,11
KIR.F;21/11/2005;9,16
KIR.F;18/11/2005;9,03
KIR.F;17/11/2005;9,02
KIR.F;16/11/2005;9,13
KIR.F;15/11/2005;9,28
KIR.F;14/11/2005;9,32
KIR.F;11/11/2005;9,36
KIR.F;10/11/2005;9,28
KIR.F;09/11/2005;9,24
KIR.F;08/11/2005;9,14
KIR.F;07/11/2005;9,08
KIR.F;04/11/2005;9,03
KIR.F;03/11/2005;8,95
KIR.F;02/11/2005;8,98
KIR.F;01/11/2005;9,17
KIR.F;31/10/2005;9,14
KIR.F;28/10/2005;8,9
KIR.F;27/10/2005;9,12
KIR.F;26/10/2005;9,04
KIR.F;25/10/2005;8,95
KIR.F;24/10/2005;8,85
KIR.F;21/10/2005;8,88
KIR.F;20/10/2005;8,84
KIR.F;19/10/2005;8,83
KIR.F;18/10/2005;8,92
KIR.F;17/10/2005;9,03
KIR.F;14/10/2005;9,09
KIR.F;13/10/2005;8,96
KIR.F;12/10/2005;9,01
KIR.F;11/10/2005;9,06
KIR.F;10/10/2005;8,84
KIR.F;07/10/2005;8,83
KIR.F;06/10/2005;8,98
KIR.F;05/10/2005;9,2
KIR.F;04/10/2005;9,2
KIR.F;03/10/2005;9,18
KIR.F;30/09/2005;9,11
KIR.F;29/09/2005;9,18
KIR.F;28/09/2005;9,05
KIR.F;27/09/2005;9,05
KIR.F;26/09/2005;9,03
KIR.F;23/09/2005;8,95
KIR.F;22/09/2005;8,91
KIR.F;21/09/2005;9,03
KIR.F;20/09/2005;9,2
KIR.F;19/09/2005;8,24
KIR.F;16/09/2005;8,2
KIR.F;15/09/2005;8,31
KIR.F;14/09/2005;8,13
KIR.F;13/09/2005;8,36
KIR.F;12/09/2005;8,32
KIR.F;09/09/2005;7,95
KIR.F;08/09/2005;7,83
KIR.F;07/09/2005;7,93
KIR.F;06/09/2005;7,94
KIR.F;05/09/2005;7,99
KIR.F;02/09/2005;8
KIR.F;01/09/2005;8
KIR.F;31/08/2005;8,25
KIR.F;30/08/2005;8,02
KIR.F;29/08/2005;7,99
KIR.F;26/08/2005;8,03
KIR.F;25/08/2005;8
KIR.F;24/08/2005;8,05
KIR.F;23/08/2005;8,02
KIR.F;22/08/2005;7,96
KIR.F;19/08/2005;7,87
KIR.F;18/08/2005;7,86
KIR.F;17/08/2005;7,8
KIR.F;16/08/2005;7,82
KIR.F;15/08/2005;7,74
KIR.F;12/08/2005;7,72
KIR.F;11/08/2005;7,77
KIR.F;10/08/2005;7,74
KIR.F;09/08/2005;7,5
KIR.F;08/08/2005;7,38
KIR.F;05/08/2005;7,4
KIR.F;04/08/2005;7,49
KIR.F;03/08/2005;7,54
KIR.F;02/08/2005;7,59
KIR.F;01/08/2005;7,6
KIR.F;29/07/2005;7,7
KIR.F;28/07/2005;7,7
KIR.F;27/07/2005;7,71
KIR.F;26/07/2005;7,73
KIR.F;25/07/2005;7,76
KIR.F;22/07/2005;7,7
KIR.F;21/07/2005;7,6
KIR.F;20/07/2005;7,67
KIR.F;19/07/2005;7,8
KIR.F;18/07/2005;7,75
KIR.F;15/07/2005;7,73
KIR.F;14/07/2005;7,79
KIR.F;13/07/2005;7,69
KIR.F;12/07/2005;7,75
KIR.F;11/07/2005;7,86
KIR.F;08/07/2005;7,84
KIR.F;07/07/2005;7,83
KIR.F;06/07/2005;7,97
KIR.F;05/07/2005;8,01
KIR.F;04/07/2005;8,08
KIR.F;01/07/2005;8,02
KIR.F;30/06/2005;7,96
KIR.F;29/06/2005;8,06
KIR.F;28/06/2005;7,95
KIR.F;27/06/2005;7,93
KIR.F;24/06/2005;8,08
KIR.F;23/06/2005;8,08
KIR.F;22/06/2005;8,1
KIR.F;21/06/2005;8,05
KIR.F;20/06/2005;8,07
KIR.F;17/06/2005;8,09
KIR.F;16/06/2005;7,99
KIR.F;15/06/2005;8,04
KIR.F;14/06/2005;7,9
KIR.F;13/06/2005;7,93
KIR.F;10/06/2005;8,01
KIR.F;09/06/2005;7,88
KIR.F;08/06/2005;7,96
KIR.F;07/06/2005;7,92
KIR.F;06/06/2005;7,86
KIR.F;03/06/2005;7,86
KIR.F;02/06/2005;7,9
KIR.F;01/06/2005;7,84
KIR.F;31/05/2005;7,84
KIR.F;30/05/2005;7,75
KIR.F;27/05/2005;7,69
KIR.F;26/05/2005;7,63
KIR.F;25/05/2005;7,58
KIR.F;24/05/2005;7,51
KIR.F;23/05/2005;7,7
KIR.F;20/05/2005;7,43
KIR.F;19/05/2005;7,48
KIR.F;18/05/2005;7,45
KIR.F;17/05/2005;7,55
KIR.F;16/05/2005;7,55
KIR.F;13/05/2005;7,63
KIR.F;12/05/2005;7,58
KIR.F;11/05/2005;7,49
KIR.F;10/05/2005;7,64
KIR.F;09/05/2005;7,72
KIR.F;06/05/2005;7,67
KIR.F;05/05/2005;7,47
KIR.F;04/05/2005;7,45
KIR.F;03/05/2005;7,48
KIR.F;02/05/2005;7,47
KIR.F;29/04/2005;7,38
KIR.F;28/04/2005;7,36
KIR.F;27/04/2005;7,4
KIR.F;26/04/2005;7,4
KIR.F;25/04/2005;7,42
KIR.F;22/04/2005;7,33
KIR.F;21/04/2005;7,24
KIR.F;20/04/2005;7,3
KIR.F;19/04/2005;7,28
KIR.F;18/04/2005;7,21
KIR.F;15/04/2005;7,5
KIR.F;14/04/2005;7,52
KIR.F;13/04/2005;7,66
KIR.F;12/04/2005;7,57
KIR.F;11/04/2005;7,6
KIR.F;08/04/2005;7,78
KIR.F;07/04/2005;7,7
KIR.F;06/04/2005;7,72
KIR.F;05/04/2005;7,67
KIR.F;04/04/2005;7,56
KIR.F;01/04/2005;7,54
KIR.F;31/03/2005;7,45
KIR.F;30/03/2005;7,47
KIR.F;29/03/2005;7,48
KIR.F;24/03/2005;7,55
KIR.F;23/03/2005;7,6
KIR.F;22/03/2005;7,64
KIR.F;21/03/2005;7,66
KIR.F;18/03/2005;7,6
KIR.F;17/03/2005;7,62
KIR.F;16/03/2005;7,7
KIR.F;15/03/2005;7,66
KIR.F;14/03/2005;7,78
KIR.F;11/03/2005;7,72
KIR.F;10/03/2005;7,7
KIR.F;09/03/2005;7,85
KIR.F;08/03/2005;7,78
KIR.F;07/03/2005;7,89
KIR.F;04/03/2005;7,89
KIR.F;03/03/2005;7,84
KIR.F;02/03/2005;7,94
KIR.F;01/03/2005;7,65
KIR.F;28/02/2005;7,57
KIR.F;25/02/2005;7,5
KIR.F;24/02/2005;7,47
KIR.F;23/02/2005;7,39
KIR.F;22/02/2005;7,48
KIR.F;21/02/2005;7,48
KIR.F;18/02/2005;7,51
KIR.F;17/02/2005;7,39
KIR.F;16/02/2005;7,38
KIR.F;15/02/2005;7,49
KIR.F;14/02/2005;7,51
KIR.F;11/02/2005;7,49
KIR.F;10/02/2005;7,52
KIR.F;09/02/2005;7,51
KIR.F;08/02/2005;7,52
KIR.F;07/02/2005;7,61
KIR.F;04/02/2005;7,46
KIR.F;03/02/2005;7,52
KIR.F;02/02/2005;7,64
KIR.F;01/02/2005;7,69
KIR.F;31/01/2005;7,67
KIR.F;28/01/2005;7,64
KIR.F;27/01/2005;7,66
KIR.F;25/01/2005;7,72
KIR.F;24/01/2005;7,59
KIR.F;21/01/2005;7,61
KIR.F;20/01/2005;7,57
KIR.F;19/01/2005;7,58
KIR.F;18/01/2005;7,69
KIR.F;17/01/2005;7,58
KIR.F;14/01/2005;7,63
KIR.F;13/01/2005;7,49
KIR.F;12/01/2005;7,65
KIR.F;11/01/2005;7,63
KIR.F;10/01/2005;7,43
KIR.F;07/01/2005;7,4
KIR.F;06/01/2005;7,29
KIR.F;05/01/2005;7,19
KIR.F;04/01/2005;7,25
KIR.F;03/01/2005;7,18
KIR.F;30/12/2004;7,06
KIR.F;29/12/2004;7,03
KIR.F;28/12/2004;7,06
KIR.F;27/12/2004;7,07
KIR.F;23/12/2004;7,07
KIR.F;22/12/2004;7,08
KIR.F;21/12/2004;7,09
KIR.F;20/12/2004;7,09
KIR.F;17/12/2004;7,14
KIR.F;16/12/2004;7
KIR.F;15/12/2004;6,99
KIR.F;14/12/2004;6,95
KIR.F;13/12/2004;6,87
KIR.F;10/12/2004;6,87
KIR.F;09/12/2004;6,88
KIR.F;08/12/2004;7,03
KIR.F;07/12/2004;6,97
KIR.F;06/12/2004;7,04
KIR.F;03/12/2004;7,24
KIR.F;02/12/2004;7,23
KIR.F;01/12/2004;7,09
KIR.F;30/11/2004;7,29
KIR.F;29/11/2004;7,07
KIR.F;26/11/2004;6,97
KIR.F;25/11/2004;7,06
KIR.F;24/11/2004;6,96
KIR.F;23/11/2004;6,98
KIR.F;22/11/2004;6,98
KIR.F;19/11/2004;7,18
KIR.F;18/11/2004;7,11
KIR.F;17/11/2004;7,13
KIR.F;16/11/2004;7,17
KIR.F;15/11/2004;7,19
KIR.F;12/11/2004;7,09
KIR.F;11/11/2004;6,99
KIR.F;10/11/2004;7,07
KIR.F;09/11/2004;7,13
KIR.F;08/11/2004;7,16
KIR.F;05/11/2004;7,22
KIR.F;04/11/2004;7,17
KIR.F;03/11/2004;7,2
KIR.F;02/11/2004;7,19
KIR.F;01/11/2004;7,01
KIR.F;29/10/2004;6,94
KIR.F;28/10/2004;6,89
KIR.F;27/10/2004;6,79
KIR.F;26/10/2004;6,82
KIR.F;25/10/2004;6,75
KIR.F;22/10/2004;6,89
KIR.F;21/10/2004;6,82
KIR.F;20/10/2004;6,88
KIR.F;19/10/2004;7,01
KIR.F;18/10/2004;6,89
KIR.F;15/10/2004;6,9
KIR.F;14/10/2004;7,04
KIR.F;13/10/2004;7,16
KIR.F;12/10/2004;7,14
KIR.F;11/10/2004;7,12
KIR.F;08/10/2004;7,09
KIR.F;07/10/2004;7,07
KIR.F;06/10/2004;7,1
KIR.F;05/10/2004;7,16
KIR.F;04/10/2004;7,08
KIR.F;01/10/2004;7,04
KIR.F;30/09/2004;6,9
KIR.F;29/09/2004;6,93
KIR.F;28/09/2004;6,9
KIR.F;27/09/2004;6,83
KIR.F;24/09/2004;6,9
KIR.F;23/09/2004;6,93
KIR.F;22/09/2004;6,96
KIR.F;21/09/2004;7,1
KIR.F;20/09/2004;7,09
KIR.F;17/09/2004;7,08
KIR.F;16/09/2004;7,13
KIR.F;15/09/2004;7,3
KIR.F;14/09/2004;7,19
KIR.F;13/09/2004;7,25
KIR.F;10/09/2004;7,24
KIR.F;09/09/2004;7,39
KIR.F;08/09/2004;7,52
KIR.F;07/09/2004;7,49
KIR.F;06/09/2004;7,44
KIR.F;03/09/2004;7,29
KIR.F;02/09/2004;7,35
KIR.F;01/09/2004;7,4
KIR.F;31/08/2004;7,37
KIR.F;30/08/2004;7,4
KIR.F;27/08/2004;7,4
KIR.F;26/08/2004;7,54
KIR.F;25/08/2004;7,62
KIR.F;24/08/2004;7,41
KIR.F;23/08/2004;7,26
KIR.F;20/08/2004;7,29
KIR.F;19/08/2004;7,37
KIR.F;18/08/2004;7,3
KIR.F;17/08/2004;7,3
KIR.F;16/08/2004;7,26
KIR.F;13/08/2004;7,28
KIR.F;12/08/2004;7,54
KIR.F;11/08/2004;7,46
KIR.F;10/08/2004;7,48
KIR.F;09/08/2004;7,58
KIR.F;06/08/2004;7,69
KIR.F;05/08/2004;7,91
KIR.F;04/08/2004;7,94
KIR.F;03/08/2004;8,01
KIR.F;02/08/2004;8,07
KIR.F;30/07/2004;8,03
KIR.F;29/07/2004;7,94
KIR.F;28/07/2004;8,03
KIR.F;27/07/2004;8,05
KIR.F;26/07/2004;7,97
KIR.F;23/07/2004;7,97
KIR.F;22/07/2004;7,97
KIR.F;21/07/2004;8,03
KIR.F;20/07/2004;7,84
KIR.F;19/07/2004;7,82
KIR.F;16/07/2004;7,77
KIR.F;15/07/2004;7,8
KIR.F;14/07/2004;7,73
KIR.F;13/07/2004;7,86
KIR.F;12/07/2004;7,96
KIR.F;09/07/2004;7,79
KIR.F;08/07/2004;7,75
KIR.F;07/07/2004;7,65
KIR.F;06/07/2004;7,67
KIR.F;05/07/2004;7,82
KIR.F;02/07/2004;8,02
KIR.F;01/07/2004;8,2
KIR.F;30/06/2004;8,14
KIR.F;29/06/2004;8,2
KIR.F;28/06/2004;8,28
KIR.F;25/06/2004;8,29
KIR.F;24/06/2004;8,41
KIR.F;23/06/2004;8,31
KIR.F;22/06/2004;8,32
KIR.F;21/06/2004;8,3
KIR.F;18/06/2004;8,2
KIR.F;17/06/2004;8,22
KIR.F;16/06/2004;8,19
KIR.F;15/06/2004;8,09
KIR.F;14/06/2004;8,13
KIR.F;11/06/2004;8,24
KIR.F;10/06/2004;8,2
KIR.F;09/06/2004;8,14
KIR.F;08/06/2004;8,03
KIR.F;07/06/2004;8,05
KIR.F;04/06/2004;7,85
KIR.F;03/06/2004;7,68
KIR.F;02/06/2004;7,85
KIR.F;01/06/2004;8
KIR.F;31/05/2004;7,98
KIR.F;28/05/2004;7,68
KIR.F;27/05/2004;7,87
KIR.F;26/05/2004;7,88
KIR.F;25/05/2004;7,77
KIR.F;24/05/2004;7,94
KIR.F;21/05/2004;7,87
KIR.F;20/05/2004;7,77
KIR.F;19/05/2004;7,72
KIR.F;18/05/2004;7,48
KIR.F;17/05/2004;7,4
KIR.F;14/05/2004;7,56
KIR.F;13/05/2004;7,6
KIR.F;12/05/2004;7,76
KIR.F;11/05/2004;7,54
KIR.F;10/05/2004;7,5
KIR.F;07/05/2004;8
KIR.F;06/05/2004;8,12
KIR.F;05/05/2004;8,13
KIR.F;04/05/2004;8,18
KIR.F;03/05/2004;8,19
KIR.F;30/04/2004;8,19
KIR.F;29/04/2004;8,46
KIR.F;28/04/2004;8,5
KIR.F;27/04/2004;8,54
KIR.F;26/04/2004;8,45
KIR.F;23/04/2004;8,42
KIR.F;22/04/2004;8,5
KIR.F;21/04/2004;8,36
KIR.F;20/04/2004;8,48
KIR.F;19/04/2004;8,48
KIR.F;16/04/2004;8,44
KIR.F;15/04/2004;8,29
KIR.F;14/04/2004;8,53
KIR.F;13/04/2004;8,76
KIR.F;08/04/2004;8,74
KIR.F;07/04/2004;8,6
KIR.F;06/04/2004;8,6
KIR.F;05/04/2004;8,95
KIR.F;02/04/2004;8,65
KIR.F;01/04/2004;8,75
KIR.F;31/03/2004;8,66
KIR.F;30/03/2004;8,51
KIR.F;29/03/2004;8,5
KIR.F;26/03/2004;8,69
KIR.F;25/03/2004;8,46
KIR.F;24/03/2004;8,1
KIR.F;23/03/2004;8,01
KIR.F;22/03/2004;8,15
KIR.F;19/03/2004;8,09
KIR.F;18/03/2004;8,15
KIR.F;17/03/2004;8,01
KIR.F;16/03/2004;7,73
KIR.F;15/03/2004;7,7
KIR.F;12/03/2004;7,69
KIR.F;11/03/2004;7,77
KIR.F;10/03/2004;7,63
KIR.F;09/03/2004;7,57
KIR.F;08/03/2004;7,46
KIR.F;05/03/2004;7,67
KIR.F;04/03/2004;7,51
KIR.F;03/03/2004;7,54
KIR.F;02/03/2004;7,56
KIR.F;01/03/2004;7,56
KIR.F;27/02/2004;7,27
KIR.F;26/02/2004;7,18
KIR.F;25/02/2004;7,15
KIR.F;24/02/2004;7,01
KIR.F;23/02/2004;7,13
KIR.F;20/02/2004;7,04
KIR.F;19/02/2004;7,17
KIR.F;18/02/2004;7,03
KIR.F;17/02/2004;7,02
KIR.F;16/02/2004;6,99
KIR.F;13/02/2004;6,93
KIR.F;12/02/2004;6,84
KIR.F;11/02/2004;6,97
KIR.F;10/02/2004;6,84
KIR.F;09/02/2004;6,69
KIR.F;06/02/2004;6,9
KIR.F;05/02/2004;6,97
KIR.F;04/02/2004;6,98
KIR.F;03/02/2004;6,89
KIR.F;02/02/2004;6,9
KIR.F;30/01/2004;6,82
KIR.F;29/01/2004;6,65
KIR.F;28/01/2004;6,63
KIR.F;27/01/2004;6,68
KIR.F;26/01/2004;6,63
KIR.F;23/01/2004;6,59
KIR.F;22/01/2004;6,53
KIR.F;21/01/2004;6,65
KIR.F;20/01/2004;6,7
KIR.F;19/01/2004;6,78
KIR.F;16/01/2004;6,77
KIR.F;15/01/2004;6,65
KIR.F;14/01/2004;6,65
KIR.F;13/01/2004;6,65
KIR.F;12/01/2004;6,65
KIR.F;09/01/2004;6,67
KIR.F;08/01/2004;6,78
KIR.F;07/01/2004;6,78
KIR.F;06/01/2004;6,82
KIR.F;05/01/2004;6,75
KIR.F;02/01/2004;6,7
KIR.F;30/12/2003;6,75
KIR.F;29/12/2003;6,7
KIR.F;23/12/2003;6,89
KIR.F;22/12/2003;6,88
KIR.F;19/12/2003;6,77
KIR.F;18/12/2003;6,73
KIR.F;17/12/2003;6,8
KIR.F;16/12/2003;6,81
KIR.F;15/12/2003;6,97
KIR.F;12/12/2003;6,79
KIR.F;11/12/2003;6,81
KIR.F;10/12/2003;6,76
KIR.F;09/12/2003;6,77
KIR.F;08/12/2003;6,7
KIR.F;05/12/2003;6,71
KIR.F;04/12/2003;6,71
KIR.F;03/12/2003;6,66
KIR.F;02/12/2003;6,69
KIR.F;01/12/2003;6,76
KIR.F;28/11/2003;6,6
KIR.F;27/11/2003;6,65
KIR.F;26/11/2003;6,59
KIR.F;25/11/2003;6,6
KIR.F;24/11/2003;6,57
KIR.F;21/11/2003;6,58
KIR.F;20/11/2003;6,57
KIR.F;19/11/2003;6,63
KIR.F;18/11/2003;6,55
KIR.F;17/11/2003;6,53
KIR.F;14/11/2003;6,8
KIR.F;13/11/2003;6,83
KIR.F;12/11/2003;6,91
KIR.F;11/11/2003;6,78
KIR.F;10/11/2003;6,91
KIR.F;07/11/2003;6,88
KIR.F;06/11/2003;6,75
KIR.F;05/11/2003;6,97
KIR.F;04/11/2003;6,91
KIR.F;03/11/2003;6,78
KIR.F;31/10/2003;6,84
KIR.F;30/10/2003;6,91
KIR.F;29/10/2003;6,86
KIR.F;28/10/2003;6,9
KIR.F;27/10/2003;6,85
KIR.F;24/10/2003;6,45
KIR.F;23/10/2003;6,57
KIR.F;22/10/2003;6,9
KIR.F;21/10/2003;6,92
KIR.F;20/10/2003;6,91
KIR.F;17/10/2003;6,92
KIR.F;16/10/2003;6,97
KIR.F;15/10/2003;6,76
KIR.F;14/10/2003;6,78
KIR.F;13/10/2003;6,64
KIR.F;10/10/2003;6,63
KIR.F;09/10/2003;6,62
KIR.F;08/10/2003;6,51
KIR.F;07/10/2003;6,59
KIR.F;06/10/2003;6,56
KIR.F;03/10/2003;6,58
KIR.F;02/10/2003;6,6
KIR.F;01/10/2003;6,5
KIR.F;30/09/2003;6,52
KIR.F;29/09/2003;6,54
KIR.F;26/09/2003;6,61
KIR.F;25/09/2003;6,8
KIR.F;24/09/2003;6,85
KIR.F;23/09/2003;6,68
KIR.F;22/09/2003;6,68
KIR.F;19/09/2003;6,67
KIR.F;18/09/2003;6,61
KIR.F;17/09/2003;6,6
KIR.F;16/09/2003;6,6
KIR.F;15/09/2003;6,38
KIR.F;12/09/2003;6,44
KIR.F;11/09/2003;6,3
KIR.F;10/09/2003;6,43
KIR.F;09/09/2003;6,54
KIR.F;08/09/2003;6,59
KIR.F;05/09/2003;6,54
KIR.F;04/09/2003;6,65
KIR.F;03/09/2003;6,54
KIR.F;02/09/2003;6,41
KIR.F;01/09/2003;6,37
KIR.F;29/08/2003;6,45
KIR.F;28/08/2003;6,28
KIR.F;27/08/2003;6,11
KIR.F;26/08/2003;6,06
KIR.F;25/08/2003;6
KIR.F;22/08/2003;5,95
KIR.F;21/08/2003;5,8
KIR.F;20/08/2003;5,71
KIR.F;19/08/2003;5,6
KIR.F;18/08/2003;5,53
KIR.F;15/08/2003;5,52
KIR.F;14/08/2003;5,61
KIR.F;13/08/2003;5,8
KIR.F;12/08/2003;5,59
KIR.F;11/08/2003;5,58
KIR.F;08/08/2003;5,55
KIR.F;07/08/2003;5,5
KIR.F;06/08/2003;5,56
KIR.F;05/08/2003;5,5
KIR.F;04/08/2003;5,51
KIR.F;01/08/2003;5,63
KIR.F;31/07/2003;5,5
KIR.F;30/07/2003;5,59
KIR.F;29/07/2003;5,87
KIR.F;28/07/2003;6
KIR.F;25/07/2003;6
KIR.F;24/07/2003;6
KIR.F;23/07/2003;6
KIR.F;22/07/2003;6
KIR.F;21/07/2003;5,95
KIR.F;18/07/2003;5,94
KIR.F;17/07/2003;6,04
KIR.F;16/07/2003;5,98
KIR.F;15/07/2003;5,97
KIR.F;14/07/2003;6,11
KIR.F;11/07/2003;6
KIR.F;10/07/2003;6,15
KIR.F;09/07/2003;6,17
KIR.F;08/07/2003;6,06
KIR.F;07/07/2003;6,1
KIR.F;04/07/2003;6,13
KIR.F;03/07/2003;6,1
KIR.F;02/07/2003;6,16
KIR.F;01/07/2003;6,11
KIR.F;30/06/2003;6,04
KIR.F;27/06/2003;6,04
KIR.F;26/06/2003;6,02
KIR.F;25/06/2003;6,02
KIR.F;24/06/2003;6,03
KIR.F;23/06/2003;6,07
KIR.F;20/06/2003;6,01
KIR.F;19/06/2003;5,97
KIR.F;18/06/2003;5,95
KIR.F;17/06/2003;6
KIR.F;16/06/2003;5,94
KIR.F;13/06/2003;5,85
KIR.F;12/06/2003;5,84
KIR.F;11/06/2003;6
KIR.F;10/06/2003;6,02
KIR.F;09/06/2003;6,12
KIR.F;06/06/2003;6,15
KIR.F;05/06/2003;6,22
KIR.F;04/06/2003;6,2
KIR.F;03/06/2003;6,14
KIR.F;02/06/2003;6,24
KIR.F;30/05/2003;6,22
KIR.F;29/05/2003;6,27
KIR.F;28/05/2003;6,2
KIR.F;27/05/2003;6,18
KIR.F;26/05/2003;6,35
KIR.F;23/05/2003;6,4
KIR.F;22/05/2003;6,21
KIR.F;21/05/2003;6,34
KIR.F;20/05/2003;6,48
KIR.F;19/05/2003;6,5
KIR.F;16/05/2003;6,67
KIR.F;15/05/2003;6,5
KIR.F;14/05/2003;6,51
KIR.F;13/05/2003;6,5
KIR.F;12/05/2003;6,52
KIR.F;09/05/2003;6,65
KIR.F;08/05/2003;6,56
KIR.F;07/05/2003;6,6
KIR.F;06/05/2003;6,75
KIR.F;05/05/2003;6,8
KIR.F;02/05/2003;6,8
KIR.F;30/04/2003;6,8
KIR.F;29/04/2003;6,7
KIR.F;28/04/2003;6,7
KIR.F;25/04/2003;6,7
KIR.F;24/04/2003;6,7
KIR.F;23/04/2003;6,8
KIR.F;22/04/2003;7,1
KIR.F;17/04/2003;6,8
KIR.F;16/04/2003;6,9
KIR.F;15/04/2003;7
KIR.F;14/04/2003;6,9
KIR.F;11/04/2003;6,92
KIR.F;10/04/2003;6,8
KIR.F;09/04/2003;6,9
KIR.F;08/04/2003;6,8
KIR.F;07/04/2003;6,9
KIR.F;04/04/2003;6,7
KIR.F;03/04/2003;6,8
KIR.F;02/04/2003;6,95
KIR.F;01/04/2003;6,7
KIR.F;31/03/2003;6,7
KIR.F;28/03/2003;6,85
KIR.F;27/03/2003;6,75
KIR.F;26/03/2003;6,7
KIR.F;25/03/2003;6,6
KIR.F;24/03/2003;6,7
KIR.F;21/03/2003;6,62
KIR.F;20/03/2003;6,6
KIR.F;19/03/2003;6,5
KIR.F;18/03/2003;6,5
KIR.F;17/03/2003;6,3
KIR.F;14/03/2003;6,4
KIR.F;13/03/2003;6,2
KIR.F;12/03/2003;6,3
KIR.F;11/03/2003;6,4
KIR.F;10/03/2003;6,5
KIR.F;07/03/2003;6,6
KIR.F;06/03/2003;6,65
KIR.F;05/03/2003;6,5
KIR.F;04/03/2003;6,55
KIR.F;03/03/2003;6,8
KIR.F;28/02/2003;6,85
KIR.F;27/02/2003;6,9
KIR.F;26/02/2003;6,8
KIR.F;25/02/2003;6,65
KIR.F;24/02/2003;6,8
KIR.F;21/02/2003;6,6
KIR.F;20/02/2003;6,65
KIR.F;19/02/2003;6,85
KIR.F;18/02/2003;6,7
KIR.F;17/02/2003;6,55
KIR.F;14/02/2003;6,5
KIR.F;13/02/2003;6,5
KIR.F;12/02/2003;6,75
KIR.F;11/02/2003;6,6
KIR.F;10/02/2003;6,6
KIR.F;07/02/2003;6,6
KIR.F;06/02/2003;6,65
KIR.F;05/02/2003;6,7
KIR.F;04/02/2003;6,65
KIR.F;03/02/2003;6,6
KIR.F;31/01/2003;6,55
KIR.F;30/01/2003;6,5
KIR.F;29/01/2003;6,3
KIR.F;28/01/2003;6,5
KIR.F;27/01/2003;6,3
KIR.F;24/01/2003;6,35
KIR.F;23/01/2003;6,2
KIR.F;22/01/2003;5,95
KIR.F;21/01/2003;6,1
KIR.F;20/01/2003;6,1
KIR.F;17/01/2003;6,2
KIR.F;16/01/2003;6,25
KIR.F;15/01/2003;6,35
KIR.F;14/01/2003;6,05
KIR.F;13/01/2003;6,05
KIR.F;10/01/2003;6,05
KIR.F;09/01/2003;6,1
KIR.F;08/01/2003;6,05
KIR.F;07/01/2003;6
KIR.F;06/01/2003;6
KIR.F;03/01/2003;6
KIR.F;02/01/2003;5,9
KIR.F;30/12/2002;6
KIR.F;27/12/2002;6
KIR.F;23/12/2002;5,75
KIR.F;20/12/2002;5,7
KIR.F;19/12/2002;5,7
KIR.F;18/12/2002;5,75
KIR.F;17/12/2002;5,8
KIR.F;16/12/2002;5,75
KIR.F;13/12/2002;5,65
KIR.F;12/12/2002;5,7
KIR.F;11/12/2002;5,7
KIR.F;10/12/2002;5,65
KIR.F;09/12/2002;5,7
KIR.F;06/12/2002;5,65
KIR.F;05/12/2002;5,7
KIR.F;04/12/2002;5,65
KIR.F;03/12/2002;5,6
KIR.F;02/12/2002;5,9
KIR.F;29/11/2002;5,95
KIR.F;28/11/2002;6,05
KIR.F;27/11/2002;5,9
KIR.F;26/11/2002;5,9
KIR.F;25/11/2002;5,95
KIR.F;22/11/2002;5,8
KIR.F;21/11/2002;6
KIR.F;20/11/2002;6
KIR.F;19/11/2002;5,9
KIR.F;18/11/2002;5,9
KIR.F;15/11/2002;5,9
KIR.F;14/11/2002;5,9
KIR.F;13/11/2002;5,9
KIR.F;12/11/2002;6,05
KIR.F;11/11/2002;6
KIR.F;08/11/2002;6,15
KIR.F;07/11/2002;6,1
KIR.F;06/11/2002;6,1
KIR.F;05/11/2002;6,1
KIR.F;04/11/2002;6,1
KIR.F;01/11/2002;6,15
KIR.F;31/10/2002;6,15
KIR.F;30/10/2002;6,25
KIR.F;29/10/2002;6,15
KIR.F;28/10/2002;6,15
KIR.F;25/10/2002;6,2
KIR.F;24/10/2002;6,15
KIR.F;23/10/2002;6,2
KIR.F;22/10/2002;6,15
KIR.F;21/10/2002;6,3
KIR.F;18/10/2002;6,2
KIR.F;17/10/2002;6,25
KIR.F;16/10/2002;6,15
KIR.F;15/10/2002;6,45
KIR.F;14/10/2002;6,15
KIR.F;11/10/2002;6,15
KIR.F;10/10/2002;6,15
KIR.F;09/10/2002;6,2
KIR.F;08/10/2002;5,9
KIR.F;07/10/2002;5,85
KIR.F;04/10/2002;5,95
KIR.F;03/10/2002;5,85
KIR.F;02/10/2002;5,75
KIR.F;01/10/2002;5,75
KIR.F;30/09/2002;5,9
KIR.F;27/09/2002;5,9
KIR.F;26/09/2002;5,75
KIR.F;25/09/2002;5,75
KIR.F;24/09/2002;5,7
KIR.F;23/09/2002;5,85
KIR.F;20/09/2002;5,85
KIR.F;19/09/2002;6
KIR.F;18/09/2002;6
KIR.F;17/09/2002;6,05
KIR.F;16/09/2002;5,9
KIR.F;13/09/2002;5,95
KIR.F;12/09/2002;6
KIR.F;11/09/2002;6,05
KIR.F;10/09/2002;6,1
KIR.F;09/09/2002;6,15
KIR.F;06/09/2002;6,05
KIR.F;05/09/2002;6,1
KIR.F;04/09/2002;6,05
KIR.F;03/09/2002;6,3
KIR.F;02/09/2002;6,5
KIR.F;30/08/2002;6,6
KIR.F;29/08/2002;6,5
KIR.F;28/08/2002;6,65
KIR.F;27/08/2002;6,6
KIR.F;26/08/2002;6,6
KIR.F;23/08/2002;6,5
KIR.F;22/08/2002;6,5
KIR.F;21/08/2002;6,55
KIR.F;20/08/2002;6,55
KIR.F;19/08/2002;6,65
KIR.F;16/08/2002;6,75
KIR.F;15/08/2002;6,75
KIR.F;14/08/2002;6,65
KIR.F;13/08/2002;6,6
KIR.F;12/08/2002;6,7
KIR.F;09/08/2002;6,7
KIR.F;08/08/2002;6,65
KIR.F;07/08/2002;6,65
KIR.F;06/08/2002;6,45
KIR.F;05/08/2002;6,6
KIR.F;02/08/2002;6,5
KIR.F;01/08/2002;6,5
KIR.F;31/07/2002;6,65
KIR.F;30/07/2002;6,65
KIR.F;29/07/2002;6,6
KIR.F;26/07/2002;6,7
KIR.F;25/07/2002;6,85
KIR.F;24/07/2002;6,7
KIR.F;23/07/2002;6,7
KIR.F;22/07/2002;6,7
KIR.F;19/07/2002;6,7
KIR.F;18/07/2002;6,8
KIR.F;17/07/2002;6,8
KIR.F;16/07/2002;6,8
KIR.F;15/07/2002;7
KIR.F;12/07/2002;7
KIR.F;11/07/2002;7
KIR.F;10/07/2002;7,2
KIR.F;09/07/2002;7,3
KIR.F;08/07/2002;7,3
KIR.F;05/07/2002;7,3
KIR.F;04/07/2002;7,2
KIR.F;03/07/2002;7,25
KIR.F;02/07/2002;7,1
KIR.F;01/07/2002;7,05
KIR.F;28/06/2002;7
KIR.F;27/06/2002;7
KIR.F;26/06/2002;6,8
KIR.F;25/06/2002;7,2
KIR.F;24/06/2002;7,2
KIR.F;21/06/2002;7,15
KIR.F;20/06/2002;7,2
KIR.F;19/06/2002;7,15
KIR.F;18/06/2002;7,2
KIR.F;17/06/2002;7,4
KIR.F;14/06/2002;7,4
KIR.F;13/06/2002;7,4
KIR.F;12/06/2002;7,5
KIR.F;11/06/2002;7,55
KIR.F;10/06/2002;7,7
KIR.F;07/06/2002;7,8
KIR.F;06/06/2002;7,8
KIR.F;05/06/2002;8
KIR.F;04/06/2002;8
KIR.F;03/06/2002;8,3
KIR.F;31/05/2002;8,7
KIR.F;30/05/2002;8,8
KIR.F;29/05/2002;8,9
KIR.F;28/05/2002;9
KIR.F;27/05/2002;9
KIR.F;24/05/2002;9,05
KIR.F;23/05/2002;8,9
KIR.F;22/05/2002;8,6
KIR.F;21/05/2002;8,5
KIR.F;20/05/2002;8,4
KIR.F;17/05/2002;8,6
KIR.F;16/05/2002;8,5
KIR.F;15/05/2002;8,6
KIR.F;14/05/2002;8,33
KIR.F;13/05/2002;8,3
KIR.F;10/05/2002;8,5
KIR.F;09/05/2002;8,6
KIR.F;08/05/2002;8,6
KIR.F;07/05/2002;8,6
KIR.F;06/05/2002;8,6
KIR.F;03/05/2002;8,7
KIR.F;02/05/2002;8,7
KIR.F;30/04/2002;8,3
KIR.F;29/04/2002;8,4
KIR.F;26/04/2002;8,4
KIR.F;25/04/2002;8,3
KIR.F;24/04/2002;8,3
KIR.F;23/04/2002;8,5
KIR.F;22/04/2002;8,2
KIR.F;19/04/2002;8
KIR.F;18/04/2002;7,9
KIR.F;17/04/2002;7,9
KIR.F;16/04/2002;7,8
KIR.F;15/04/2002;7,8
KIR.F;12/04/2002;7,7
KIR.F;11/04/2002;7,7
KIR.F;10/04/2002;8
KIR.F;09/04/2002;7,9
KIR.F;08/04/2002;7,9
KIR.F;05/04/2002;7,8
KIR.F;04/04/2002;7,7
KIR.F;03/04/2002;7,7
KIR.F;02/04/2002;7,6
KIR.F;27/03/2002;7,7
KIR.F;26/03/2002;7,75
KIR.F;25/03/2002;7,7
KIR.F;22/03/2002;7,8
KIR.F;21/03/2002;7,85
KIR.F;20/03/2002;7,9
KIR.F;19/03/2002;8
KIR.F;18/03/2002;8,05
KIR.F;15/03/2002;8
KIR.F;14/03/2002;8,1
KIR.F;13/03/2002;8,3
KIR.F;12/03/2002;8,15
KIR.F;11/03/2002;8,05
KIR.F;08/03/2002;7,9
KIR.F;07/03/2002;7,65
KIR.F;06/03/2002;7,55
KIR.F;05/03/2002;7,55
KIR.F;04/03/2002;7,75
KIR.F;01/03/2002;7,45
KIR.F;28/02/2002;7,3
KIR.F;27/02/2002;7,3
KIR.F;26/02/2002;7,25
KIR.F;25/02/2002;7,3
KIR.F;22/02/2002;7,4
KIR.F;21/02/2002;7,5
KIR.F;20/02/2002;7,5
KIR.F;19/02/2002;7,3
KIR.F;18/02/2002;7,5
KIR.F;15/02/2002;7,4
KIR.F;14/02/2002;7,55
KIR.F;13/02/2002;7,55
KIR.F;12/02/2002;7,4
KIR.F;11/02/2002;7,35
KIR.F;08/02/2002;7,4
KIR.F;07/02/2002;7,3
KIR.F;06/02/2002;7,3
KIR.F;05/02/2002;7,3
KIR.F;04/02/2002;7,55
KIR.F;01/02/2002;7,75
KIR.F;31/01/2002;7,65
KIR.F;30/01/2002;7,65
KIR.F;29/01/2002;7,6
KIR.F;28/01/2002;7,6
KIR.F;25/01/2002;7,4
KIR.F;24/01/2002;7,3
KIR.F;23/01/2002;7,35
KIR.F;22/01/2002;7,5
KIR.F;21/01/2002;7,8
KIR.F;18/01/2002;7,75
KIR.F;17/01/2002;7,7
KIR.F;16/01/2002;7,3
KIR.F;15/01/2002;7,35
KIR.F;14/01/2002;7,2
KIR.F;11/01/2002;7,2
KIR.F;10/01/2002;7,25
KIR.F;09/01/2002;7,4
KIR.F;08/01/2002;7,5
KIR.F;07/01/2002;7,65
KIR.F;04/01/2002;7,7
KIR.F;03/01/2002;7,65
KIR.F;02/01/2002;7,75
KIR.F;28/12/2001;7,85
KIR.F;27/12/2001;7,8
KIR.F;21/12/2001;7,75
KIR.F;20/12/2001;7,8
KIR.F;19/12/2001;7,75
KIR.F;18/12/2001;7,55
KIR.F;17/12/2001;7,65
KIR.F;14/12/2001;7,5
KIR.F;13/12/2001;7,4
KIR.F;12/12/2001;7,55
KIR.F;11/12/2001;7,5
KIR.F;10/12/2001;7,5
KIR.F;07/12/2001;7,6
KIR.F;06/12/2001;7,8
KIR.F;05/12/2001;7,85
KIR.F;04/12/2001;8
KIR.F;03/12/2001;7,95
KIR.F;30/11/2001;8
KIR.F;29/11/2001;8,2
KIR.F;28/11/2001;8,05
KIR.F;27/11/2001;8,1
KIR.F;26/11/2001;8,25
KIR.F;23/11/2001;8,1
KIR.F;22/11/2001;8,2
KIR.F;21/11/2001;8,1
KIR.F;20/11/2001;8
KIR.F;19/11/2001;7,95
KIR.F;16/11/2001;7,9
KIR.F;15/11/2001;8,1
KIR.F;14/11/2001;7,95
KIR.F;13/11/2001;8,2
KIR.F;12/11/2001;8,2
KIR.F;09/11/2001;8,2
KIR.F;08/11/2001;8,25
KIR.F;07/11/2001;8,1
KIR.F;06/11/2001;8,2
KIR.F;05/11/2001;8,15
KIR.F;02/11/2001;8,05
KIR.F;01/11/2001;8,1
KIR.F;31/10/2001;8,35
KIR.F;30/10/2001;8,2
KIR.F;29/10/2001;8,3
KIR.F;25/10/2001;8,8
KIR.F;24/10/2001;8,6
KIR.F;23/10/2001;8,4
KIR.F;22/10/2001;8,25
KIR.F;19/10/2001;8,25
KIR.F;18/10/2001;8,3
KIR.F;17/10/2001;8,3
KIR.F;15/10/2001;8,3
KIR.F;12/10/2001;8,4
KIR.F;11/10/2001;8,4
KIR.F;10/10/2001;8,15
KIR.F;09/10/2001;8,1
KIR.F;08/10/2001;8,35
KIR.F;05/10/2001;8,35
KIR.F;04/10/2001;8,4
KIR.F;03/10/2001;8,2
KIR.F;02/10/2001;8,4
KIR.F;01/10/2001;8,45
KIR.F;27/09/2001;8,15
KIR.F;26/09/2001;8,05
KIR.F;25/09/2001;8,25
KIR.F;24/09/2001;8,2
KIR.F;21/09/2001;8,15
KIR.F;20/09/2001;7,95
KIR.F;19/09/2001;8,15
KIR.F;18/09/2001;7,8
KIR.F;17/09/2001;7,6
KIR.F;14/09/2001;7,9
KIR.F;13/09/2001;7,8
KIR.F;12/09/2001;7,2
KIR.F;11/09/2001;8,1
KIR.F;10/09/2001;8,1
KIR.F;07/09/2001;8,2
KIR.F;06/09/2001;8,2
KIR.F;05/09/2001;8,2
KIR.F;04/09/2001;8,3
KIR.F;03/09/2001;8,3
KIR.F;31/08/2001;8,3
KIR.F;30/08/2001;8,25
KIR.F;29/08/2001;8,5
KIR.F;28/08/2001;8,5
KIR.F;27/08/2001;8,7
KIR.F;24/08/2001;8,7
KIR.F;23/08/2001;8,9
KIR.F;22/08/2001;8,9
KIR.F;21/08/2001;9,1
KIR.F;20/08/2001;9,1
KIR.F;17/08/2001;9,1
KIR.F;16/08/2001;9,2
KIR.F;15/08/2001;9,65
KIR.F;14/08/2001;9,2
KIR.F;13/08/2001;9,15
KIR.F;10/08/2001;9,4
KIR.F;09/08/2001;9,4
KIR.F;08/08/2001;9,3
KIR.F;07/08/2001;9,2
KIR.F;06/08/2001;9,2
KIR.F;03/08/2001;9,5
KIR.F;02/08/2001;9,3
KIR.F;01/08/2001;9,25
KIR.F;31/07/2001;9,2
KIR.F;30/07/2001;9,1
KIR.F;27/07/2001;9,2
KIR.F;26/07/2001;9,2
KIR.F;25/07/2001;9,1
KIR.F;24/07/2001;9,3
KIR.F;23/07/2001;9,3
KIR.F;20/07/2001;9,4
KIR.F;19/07/2001;9,4
KIR.F;18/07/2001;9,35
KIR.F;17/07/2001;9,6
KIR.F;16/07/2001;9,8
KIR.F;12/07/2001;9,6
KIR.F;11/07/2001;9,5
KIR.F;10/07/2001;9,5
KIR.F;09/07/2001;9,6
KIR.F;06/07/2001;9,75
KIR.F;05/07/2001;10
KIR.F;04/07/2001;9,8
KIR.F;03/07/2001;10,2
KIR.F;02/07/2001;9,8
KIR.F;29/06/2001;9,8
KIR.F;28/06/2001;9,7
KIR.F;27/06/2001;9,7
KIR.F;26/06/2001;9,6
KIR.F;25/06/2001;9,75
KIR.F;22/06/2001;9,8
KIR.F;21/06/2001;9,8
KIR.F;20/06/2001;9,7
KIR.F;19/06/2001;9,8
KIR.F;18/06/2001;10,2
KIR.F;15/06/2001;10
KIR.F;14/06/2001;10
KIR.F;13/06/2001;10,2
KIR.F;12/06/2001;10,25
KIR.F;11/06/2001;10,4
KIR.F;08/06/2001;10,7
KIR.F;07/06/2001;10,7
KIR.F;06/06/2001;10,6
KIR.F;05/06/2001;10,8
KIR.F;04/06/2001;11
KIR.F;01/06/2001;11,1
KIR.F;31/05/2001;11
KIR.F;30/05/2001;10,8
KIR.F;29/05/2001;10,6
KIR.F;28/05/2001;10,6
KIR.F;25/05/2001;10,6
KIR.F;24/05/2001;10,7
KIR.F;23/05/2001;10,5
KIR.F;22/05/2001;10,3
KIR.F;21/05/2001;10,25
KIR.F;18/05/2001;10,2
KIR.F;17/05/2001;10,4
KIR.F;16/05/2001;10,4
KIR.F;15/05/2001;10,7
KIR.F;14/05/2001;10,7
KIR.F;10/05/2001;10,8
KIR.F;08/05/2001;10,9
KIR.F;04/05/2001;10,8
KIR.F;03/05/2001;10,8
KIR.F;02/05/2001;10,8
KIR.F;30/04/2001;10,4
KIR.F;27/04/2001;10,4
KIR.F;26/04/2001;10,7
KIR.F;25/04/2001;10,5
KIR.F;24/04/2001;10,4
KIR.F;23/04/2001;10,2
KIR.F;20/04/2001;10
KIR.F;19/04/2001;10,3
KIR.F;18/04/2001;10,6
KIR.F;17/04/2001;10,2
KIR.F;12/04/2001;10,1
KIR.F;11/04/2001;10,1
KIR.F;10/04/2001;9,8
KIR.F;09/04/2001;9,8
KIR.F;06/04/2001;10
KIR.F;05/04/2001;10
KIR.F;04/04/2001;10
KIR.F;03/04/2001;10
KIR.F;02/04/2001;10
KIR.F;30/03/2001;10,3
KIR.F;29/03/2001;10,3
KIR.F;28/03/2001;10,45
KIR.F;27/03/2001;10,3
KIR.F;26/03/2001;10
KIR.F;23/03/2001;10
KIR.F;22/03/2001;9,8
KIR.F;21/03/2001;9,9
KIR.F;20/03/2001;9,7
KIR.F;19/03/2001;9,2
KIR.F;16/03/2001;9,4
KIR.F;15/03/2001;9,8
KIR.F;13/03/2001;9,3
KIR.F;12/03/2001;9,45
KIR.F;09/03/2001;9,5
KIR.F;08/03/2001;9,8
KIR.F;07/03/2001;9,8
KIR.F;06/03/2001;10
KIR.F;05/03/2001;10
KIR.F;02/03/2001;10
KIR.F;01/03/2001;10,15
KIR.F;28/02/2001;10,3
KIR.F;27/02/2001;10,5
KIR.F;26/02/2001;10,2
KIR.F;23/02/2001;10,4
KIR.F;22/02/2001;10,2
KIR.F;21/02/2001;10,5
KIR.F;20/02/2001;10,65
KIR.F;19/02/2001;10,5
KIR.F;16/02/2001;10,7
KIR.F;15/02/2001;10,5
KIR.F;14/02/2001;10,9
KIR.F;13/02/2001;10,55
KIR.F;12/02/2001;10,35
KIR.F;09/02/2001;10,4
KIR.F;08/02/2001;10,2
KIR.F;07/02/2001;10,35
KIR.F;06/02/2001;10,4
KIR.F;05/02/2001;10,2
KIR.F;02/02/2001;10,3
KIR.F;01/02/2001;10,1
KIR.F;31/01/2001;10,2
KIR.F;30/01/2001;10,1
KIR.F;29/01/2001;10
KIR.F;25/01/2001;10
KIR.F;23/01/2001;9,7
KIR.F;22/01/2001;9,8
KIR.F;19/01/2001;9,5
KIR.F;18/01/2001;9,25
KIR.F;17/01/2001;9,3
KIR.F;16/01/2001;9,3
KIR.F;15/01/2001;9,3
KIR.F;12/01/2001;9,4
KIR.F;11/01/2001;9,45
KIR.F;10/01/2001;9,4
KIR.F;09/01/2001;9,15
KIR.F;08/01/2001;8,9
KIR.F;05/01/2001;9
KIR.F;04/01/2001;9,2
KIR.F;03/01/2001;9,3
KIR.F;02/01/2001;9,4
KIR.F;29/12/2000;9,54
KIR.F;28/12/2000;9,54
KIR.F;27/12/2000;9,54
KIR.F;22/12/2000;9,58
KIR.F;21/12/2000;9,65
KIR.F;20/12/2000;9,64
KIR.F;19/12/2000;9,9
KIR.F;18/12/2000;9,85
KIR.F;15/12/2000;10,1
KIR.F;14/12/2000;10,1
KIR.F;13/12/2000;10,1
KIR.F;12/12/2000;10,1
KIR.F;11/12/2000;10,2
KIR.F;08/12/2000;10,23
KIR.F;07/12/2000;10,3
KIR.F;06/12/2000;10,75
KIR.F;05/12/2000;11
KIR.F;04/12/2000;11
KIR.F;01/12/2000;11
KIR.F;30/11/2000;10,9
KIR.F;29/11/2000;10,9
KIR.F;28/11/2000;11
KIR.F;27/11/2000;11,15
KIR.F;24/11/2000;11,1
KIR.F;23/11/2000;10,9
KIR.F;22/11/2000;11
KIR.F;21/11/2000;11
KIR.F;20/11/2000;11,15
KIR.F;17/11/2000;11,1
KIR.F;16/11/2000;11,05
KIR.F;15/11/2000;11,3
KIR.F;14/11/2000;11,5
KIR.F;13/11/2000;11,5
KIR.F;10/11/2000;11,4
KIR.F;09/11/2000;11,6
KIR.F;08/11/2000;11,55
KIR.F;07/11/2000;11,6
KIR.F;06/11/2000;11,7
KIR.F;03/11/2000;12,1
KIR.F;02/11/2000;12,1
KIR.F;01/11/2000;12,4
KIR.F;31/10/2000;12,1
KIR.F;30/10/2000;12,1
KIR.F;27/10/2000;12,3
KIR.F;26/10/2000;12
KIR.F;25/10/2000;11,75
KIR.F;24/10/2000;11,98
KIR.F;23/10/2000;12
KIR.F;20/10/2000;12,05
KIR.F;19/10/2000;12,2
KIR.F;18/10/2000;12
KIR.F;17/10/2000;12,6
KIR.F;16/10/2000;12,6
KIR.F;13/10/2000;12,75
KIR.F;12/10/2000;12,65
KIR.F;11/10/2000;12,5
KIR.F;10/10/2000;12,35
KIR.F;09/10/2000;11,9
KIR.F;06/10/2000;12
KIR.F;05/10/2000;11,75
KIR.F;04/10/2000;12
KIR.F;03/10/2000;11,85
KIR.F;02/10/2000;11,85
KIR.F;29/09/2000;12
KIR.F;28/09/2000;11,4
KIR.F;27/09/2000;11,2
KIR.F;26/09/2000;11,35
KIR.F;25/09/2000;11,42
KIR.F;22/09/2000;11,7
KIR.F;21/09/2000;11,85
KIR.F;20/09/2000;12,2
KIR.F;19/09/2000;12,1
KIR.F;18/09/2000;11,85
KIR.F;15/09/2000;11,75
KIR.F;14/09/2000;11,9
KIR.F;13/09/2000;11,97
KIR.F;12/09/2000;12,1
KIR.F;11/09/2000;12
KIR.F;08/09/2000;12,62
KIR.F;07/09/2000;12,45
KIR.F;06/09/2000;11,9
KIR.F;05/09/2000;12
KIR.F;04/09/2000;12
KIR.F;01/09/2000;12,15
KIR.F;31/08/2000;12,15
KIR.F;30/08/2000;12,65
KIR.F;29/08/2000;12,4
KIR.F;28/08/2000;12,78
KIR.F;25/08/2000;12,75
KIR.F;24/08/2000;12,9
KIR.F;23/08/2000;12,7
KIR.F;22/08/2000;12,45
KIR.F;21/08/2000;12
KIR.F;18/08/2000;11,7
KIR.F;17/08/2000;11,85
KIR.F;16/08/2000;12,35
KIR.F;15/08/2000;12,1
KIR.F;14/08/2000;12,45
KIR.F;11/08/2000;11,95
KIR.F;10/08/2000;12,25
KIR.F;09/08/2000;12,8
KIR.F;08/08/2000;12,8
KIR.F;07/08/2000;12,9
KIR.F;04/08/2000;12,7
KIR.F;03/08/2000;12,4
KIR.F;02/08/2000;12,35
KIR.F;01/08/2000;12,35
KIR.F;31/07/2000;11,9
KIR.F;28/07/2000;11,6
KIR.F;27/07/2000;11,2
KIR.F;26/07/2000;11,2
KIR.F;25/07/2000;11,25
KIR.F;24/07/2000;11,3
KIR.F;21/07/2000;11,3
KIR.F;20/07/2000;11,5
KIR.F;19/07/2000;11,55
KIR.F;18/07/2000;11,35
KIR.F;17/07/2000;12
KIR.F;14/07/2000;12,1
KIR.F;13/07/2000;12,25
KIR.F;12/07/2000;12,6
KIR.F;11/07/2000;12,5
KIR.F;10/07/2000;12,6
KIR.F;07/07/2000;12,45
KIR.F;06/07/2000;12,45
KIR.F;05/07/2000;12,85
KIR.F;04/07/2000;13,05
KIR.F;03/07/2000;13,05
KIR.F;30/06/2000;13
KIR.F;29/06/2000;13,4
KIR.F;28/06/2000;13,55
KIR.F;27/06/2000;13,8
KIR.F;26/06/2000;14,05
KIR.F;23/06/2000;14
KIR.F;22/06/2000;13,55
KIR.F;21/06/2000;13,8
KIR.F;20/06/2000;13,65
KIR.F;19/06/2000;13,05
KIR.F;16/06/2000;13,05
KIR.F;15/06/2000;13,1
KIR.F;14/06/2000;13,15
KIR.F;13/06/2000;13,25
KIR.F;12/06/2000;13,4
KIR.F;09/06/2000;13,7
KIR.F;08/06/2000;13,6
KIR.F;07/06/2000;13,3
KIR.F;06/06/2000;12,8
KIR.F;05/06/2000;12,85
KIR.F;02/06/2000;13,1
KIR.F;01/06/2000;13,8
KIR.F;31/05/2000;12,8
KIR.F;30/05/2000;13,55
KIR.F;29/05/2000;13,6
KIR.F;26/05/2000;13,85
KIR.F;25/05/2000;14,2
KIR.F;24/05/2000;14,6
KIR.F;23/05/2000;14,85
KIR.F;22/05/2000;14,6
KIR.F;19/05/2000;14,4
KIR.F;18/05/2000;14
KIR.F;17/05/2000;14,2
KIR.F;16/05/2000;14,25
KIR.F;15/05/2000;14,3
KIR.F;12/05/2000;14,8
KIR.F;11/05/2000;14,1
KIR.F;10/05/2000;14
KIR.F;09/05/2000;14,15
KIR.F;08/05/2000;14,15
KIR.F;05/05/2000;14,65
KIR.F;04/05/2000;14,45
KIR.F;03/05/2000;14,45
KIR.F;02/05/2000;14,4
KIR.F;01/05/2000;14,5
KIR.F;28/04/2000;14,5
KIR.F;27/04/2000;14,5
KIR.F;26/04/2000;14,25
KIR.F;25/04/2000;14,9
KIR.F;24/04/2000;14,3
KIR.F;21/04/2000;14,3
KIR.F;20/04/2000;14,3
KIR.F;19/04/2000;14,3
KIR.F;18/04/2000;14,6
KIR.F;17/04/2000;14,45
KIR.F;14/04/2000;13,9
KIR.F;13/04/2000;13,9
KIR.F;12/04/2000;13,5
KIR.F;11/04/2000;12,8
KIR.F;10/04/2000;13,2
KIR.F;07/04/2000;13,5
KIR.F;06/04/2000;13,6
KIR.F;05/04/2000;13,4
KIR.F;04/04/2000;13,2
KIR.F;03/04/2000;12,65
KIR.F;31/03/2000;13
KIR.F;30/03/2000;12,8
KIR.F;29/03/2000;12,65
KIR.F;28/03/2000;12,5
KIR.F;27/03/2000;12,4
KIR.F;24/03/2000;12,4
KIR.F;23/03/2000;12,4
KIR.F;22/03/2000;12,55
KIR.F;21/03/2000;12,3
KIR.F;20/03/2000;12,3
KIR.F;17/03/2000;12,5
KIR.F;16/03/2000;12,8
KIR.F;15/03/2000;12,2
KIR.F;14/03/2000;12,75
KIR.F;13/03/2000;12,35
KIR.F;10/03/2000;12,35
KIR.F;09/03/2000;12,5
KIR.F;08/03/2000;12,45
KIR.F;07/03/2000;12,55
KIR.F;06/03/2000;12,25
KIR.F;03/03/2000;12,15
KIR.F;02/03/2000;12
KIR.F;01/03/2000;12,35
KIR.F;29/02/2000;12,1
KIR.F;28/02/2000;12,6
KIR.F;25/02/2000;11,9
KIR.F;24/02/2000;11,65
KIR.F;23/02/2000;11,9
KIR.F;22/02/2000;11,7
KIR.F;21/02/2000;12
KIR.F;18/02/2000;11,8
KIR.F;17/02/2000;11,9
KIR.F;16/02/2000;12
KIR.F;15/02/2000;11,8
KIR.F;14/02/2000;12,05
KIR.F;11/02/2000;11,8
KIR.F;10/02/2000;11,8
KIR.F;09/02/2000;12
KIR.F;08/02/2000;11,75
KIR.F;07/02/2000;11,55
KIR.F;04/02/2000;11,5
KIR.F;03/02/2000;11,88
KIR.F;02/02/2000;11,9
KIR.F;01/02/2000;12,1
KIR.F;31/01/2000;12,55
KIR.F;28/01/2000;12,7
KIR.F;27/01/2000;12,2
KIR.F;26/01/2000;12,45
KIR.F;25/01/2000;12,2
KIR.F;24/01/2000;12,25
KIR.F;21/01/2000;11,75
KIR.F;20/01/2000;12
KIR.F;19/01/2000;11,6
KIR.F;18/01/2000;11,75
KIR.F;17/01/2000;11,5
KIR.F;14/01/2000;11,6
KIR.F;13/01/2000;12,35
KIR.F;12/01/2000;11
KIR.F;11/01/2000;9,8
KIR.F;10/01/2000;9,8
KIR.F;07/01/2000;9,75
KIR.F;06/01/2000;9,6
KIR.F;05/01/2000;9,6
KIR.F;04/01/2000;9,9
KIR.F;03/01/2000;10,25
