Actif;Date;Open
9531;26/01/2017;529,6
9531;25/01/2017;530
9531;24/01/2017;517,8
9531;23/01/2017;521,9
9531;20/01/2017;524,6
9531;19/01/2017;526
9531;18/01/2017;516,1
9531;17/01/2017;524,3
9531;16/01/2017;527,8
9531;13/01/2017;521,9
9531;12/01/2017;530,4
9531;11/01/2017;535,6
9531;10/01/2017;529
9531;09/01/2017;538,3
9531;06/01/2017;537,8
9531;05/01/2017;537,3
9531;04/01/2017;528
9531;03/01/2017;528,9
9531;02/01/2017;528,9
9531;30/12/2016;530,9
9531;29/12/2016;540
9531;28/12/2016;539,3
9531;27/12/2016;538
9531;26/12/2016;546,5
9531;23/12/2016;543,2
9531;22/12/2016;544,2
9531;21/12/2016;552,4
9531;20/12/2016;543,4
9531;19/12/2016;540,3
9531;16/12/2016;541,4
9531;15/12/2016;538,7
9531;14/12/2016;539
9531;13/12/2016;524,3
9531;12/12/2016;517,8
9531;09/12/2016;508,6
9531;08/12/2016;500
9531;07/12/2016;489,2
9531;06/12/2016;496
9531;05/12/2016;494
9531;02/12/2016;500
9531;01/12/2016;497,5
9531;30/11/2016;495
9531;29/11/2016;490,3
9531;28/11/2016;482,6
9531;25/11/2016;477
9531;24/11/2016;472,9
9531;23/11/2016;467,6
9531;22/11/2016;468,3
9531;21/11/2016;473,7
9531;18/11/2016;479,8
9531;17/11/2016;479,1
9531;16/11/2016;479,4
9531;15/11/2016;477,7
9531;14/11/2016;475
9531;11/11/2016;484,5
9531;10/11/2016;486
9531;09/11/2016;486,7
9531;08/11/2016;482,9
9531;07/11/2016;481,4
9531;04/11/2016;480,6
9531;03/11/2016;484,2
9531;02/11/2016;484,9
9531;01/11/2016;481,6
9531;31/10/2016;471,2
9531;28/10/2016;485
9531;27/10/2016;489,8
9531;26/10/2016;484,8
9531;25/10/2016;477,9
9531;24/10/2016;478,2
9531;21/10/2016;476,3
9531;20/10/2016;470,7
9531;19/10/2016;467
9531;18/10/2016;461,5
9531;17/10/2016;458,6
9531;14/10/2016;458,8
9531;13/10/2016;457
9531;12/10/2016;455,3
9531;11/10/2016;456,8
9531;10/10/2016;453,9
9531;07/10/2016;454,2
9531;06/10/2016;455,7
9531;05/10/2016;452,7
9531;04/10/2016;453
9531;03/10/2016;454
9531;30/09/2016;449,7
9531;29/09/2016;469,4
9531;28/09/2016;460
9531;27/09/2016;460
9531;26/09/2016;475
9531;23/09/2016;469,8
9531;22/09/2016;472,6
9531;21/09/2016;468,3
9531;20/09/2016;463
9531;19/09/2016;458,4
9531;16/09/2016;445,7
9531;15/09/2016;445,1
9531;14/09/2016;441,1
9531;13/09/2016;456,4
9531;12/09/2016;445,7
9531;09/09/2016;455,8
9531;08/09/2016;461,2
9531;07/09/2016;455,5
9531;06/09/2016;449,7
9531;05/09/2016;449,8
9531;02/09/2016;439
9531;01/09/2016;438,9
9531;31/08/2016;438,6
9531;30/08/2016;437
9531;29/08/2016;442
9531;26/08/2016;442,1
9531;25/08/2016;436,6
9531;24/08/2016;441,9
9531;23/08/2016;430,9
9531;22/08/2016;418,5
9531;19/08/2016;424,5
9531;18/08/2016;433
9531;17/08/2016;423,9
9531;16/08/2016;436,3
9531;15/08/2016;434,6
9531;12/08/2016;432,4
9531;11/08/2016;428,1
9531;10/08/2016;439,3
9531;09/08/2016;432,9
9531;08/08/2016;432
9531;05/08/2016;423,3
9531;04/08/2016;424,3
9531;03/08/2016;422,2
9531;02/08/2016;436,7
9531;01/08/2016;430,2
9531;29/07/2016;444
9531;28/07/2016;452,2
9531;27/07/2016;453,4
9531;26/07/2016;455,6
9531;25/07/2016;458,8
9531;22/07/2016;452
9531;21/07/2016;458,6
9531;20/07/2016;449,1
9531;19/07/2016;445,5
9531;18/07/2016;441,1
9531;15/07/2016;441,5
9531;14/07/2016;440,1
9531;13/07/2016;435
9531;12/07/2016;437,4
9531;11/07/2016;422,6
9531;08/07/2016;423,4
9531;07/07/2016;426,1
9531;06/07/2016;420
9531;05/07/2016;422
9531;04/07/2016;418,5
9531;01/07/2016;423
9531;30/06/2016;422,9
9531;29/06/2016;414,1
9531;28/06/2016;402,4
9531;27/06/2016;398,6
9531;24/06/2016;422,8
9531;23/06/2016;410,4
9531;22/06/2016;430
9531;21/06/2016;439,3
9531;20/06/2016;433,7
9531;17/06/2016;423,7
9531;16/06/2016;422,9
9531;15/06/2016;426,8
9531;14/06/2016;428,5
9531;13/06/2016;436
9531;10/06/2016;441,9
9531;09/06/2016;444,5
9531;08/06/2016;441,6
9531;07/06/2016;433
9531;06/06/2016;417
9531;03/06/2016;428,1
9531;02/06/2016;436,5
9531;01/06/2016;442,3
9531;31/05/2016;443,3
9531;30/05/2016;443
9531;27/05/2016;439
9531;26/05/2016;444,9
9531;25/05/2016;439,7
9531;24/05/2016;435,3
9531;23/05/2016;438,8
9531;20/05/2016;441
9531;19/05/2016;446,1
9531;18/05/2016;441,8
9531;17/05/2016;440,4
9531;16/05/2016;434,8
9531;13/05/2016;446,3
9531;12/05/2016;436,6
9531;11/05/2016;445,9
9531;10/05/2016;424,8
9531;09/05/2016;444,6
9531;06/05/2016;441,4
9531;05/05/2016;437
9531;04/05/2016;437
9531;03/05/2016;437
9531;02/05/2016;461,1
9531;29/04/2016;485,1
9531;28/04/2016;503,5
9531;27/04/2016;507
9531;26/04/2016;506,8
9531;25/04/2016;515
9531;22/04/2016;512
9531;21/04/2016;524,9
9531;20/04/2016;518,5
9531;19/04/2016;512,6
9531;18/04/2016;497,7
9531;15/04/2016;498,6
9531;14/04/2016;496,5
9531;13/04/2016;481
9531;12/04/2016;474
9531;11/04/2016;478,6
9531;08/04/2016;475
9531;07/04/2016;477,6
9531;06/04/2016;479,7
9531;05/04/2016;496
9531;04/04/2016;500,5
9531;01/04/2016;522
9531;31/03/2016;517,5
9531;30/03/2016;528,9
9531;29/03/2016;526,5
9531;28/03/2016;530
9531;25/03/2016;521,4
9531;24/03/2016;525,9
9531;23/03/2016;512,6
9531;22/03/2016;509,5
9531;21/03/2016;506,7
9531;18/03/2016;503
9531;17/03/2016;505,3
9531;16/03/2016;506
9531;15/03/2016;515
9531;14/03/2016;516,9
9531;11/03/2016;506,3
9531;10/03/2016;498
9531;09/03/2016;506,9
9531;08/03/2016;523,4
9531;07/03/2016;546,9
9531;04/03/2016;543,3
9531;03/03/2016;538,9
9531;02/03/2016;534
9531;01/03/2016;516,1
9531;29/02/2016;541,3
9531;26/02/2016;535,8
9531;25/02/2016;529,9
9531;24/02/2016;536,9
9531;23/02/2016;543,4
9531;22/02/2016;535
9531;19/02/2016;534,6
9531;18/02/2016;545
9531;17/02/2016;538,9
9531;16/02/2016;548,6
9531;15/02/2016;532,4
9531;12/02/2016;531
9531;11/02/2016;532,7
9531;10/02/2016;552,3
9531;09/02/2016;551,6
9531;08/02/2016;550,7
9531;05/02/2016;559,4
9531;04/02/2016;565,2
9531;03/02/2016;564
9531;02/02/2016;580
9531;01/02/2016;566,1
9531;29/01/2016;544
9531;28/01/2016;532,7
9531;27/01/2016;520
9531;26/01/2016;513,9
9531;25/01/2016;527
9531;22/01/2016;504,9
9531;21/01/2016;500
9531;20/01/2016;519,2
9531;19/01/2016;527
9531;18/01/2016;522,4
9531;15/01/2016;532
9531;14/01/2016;523,8
9531;13/01/2016;533,3
9531;12/01/2016;534,4
9531;11/01/2016;540,1
9531;08/01/2016;542
9531;07/01/2016;546,1
9531;06/01/2016;550
9531;05/01/2016;543,6
9531;04/01/2016;565
9531;01/01/2016;570,8
9531;31/12/2015;570,8
9531;30/12/2015;560,9
9531;29/12/2015;554,5
9531;28/12/2015;546,2
9531;25/12/2015;556
9531;24/12/2015;561,2
9531;23/12/2015;551,2
9531;22/12/2015;545
9531;21/12/2015;549,9
9531;18/12/2015;565
9531;17/12/2015;575
9531;16/12/2015;572,1
9531;15/12/2015;573,2
9531;14/12/2015;574,3
9531;11/12/2015;581,9
9531;10/12/2015;584,7
9531;09/12/2015;592
9531;08/12/2015;602,6
9531;07/12/2015;610
9531;04/12/2015;601,9
9531;03/12/2015;605,1
9531;02/12/2015;613,1
9531;01/12/2015;591
9531;30/11/2015;591,1
9531;27/11/2015;595,3
9531;26/11/2015;592,4
9531;25/11/2015;585,7
9531;24/11/2015;588,1
9531;23/11/2015;588,5
9531;20/11/2015;581,7
9531;19/11/2015;590,5
9531;18/11/2015;580
9531;17/11/2015;580,3
9531;16/11/2015;570
9531;13/11/2015;586
9531;12/11/2015;586,4
9531;11/11/2015;588,9
9531;10/11/2015;595,3
9531;09/11/2015;603,3
9531;06/11/2015;593,6
9531;05/11/2015;586
9531;04/11/2015;592,1
9531;03/11/2015;582,1
9531;02/11/2015;596
9531;30/10/2015;615,5
9531;29/10/2015;612,4
9531;28/10/2015;616
9531;27/10/2015;615,2
9531;26/10/2015;624,9
9531;23/10/2015;620,9
9531;22/10/2015;599,1
9531;21/10/2015;604,4
9531;20/10/2015;603,3
9531;19/10/2015;596,9
9531;16/10/2015;607,2
9531;15/10/2015;589,4
9531;14/10/2015;589,8
9531;13/10/2015;594,1
9531;12/10/2015;596,3
9531;09/10/2015;582,6
9531;08/10/2015;576,7
9531;07/10/2015;573,2
9531;06/10/2015;572,2
9531;05/10/2015;565,8
9531;02/10/2015;560,5
9531;01/10/2015;575,2
9531;30/09/2015;577,1
9531;29/09/2015;587
9531;28/09/2015;598,8
9531;25/09/2015;571
9531;24/09/2015;618,1
9531;23/09/2015;620,7
9531;22/09/2015;620,7
9531;21/09/2015;620,7
9531;18/09/2015;622,2
9531;17/09/2015;622
9531;16/09/2015;616,6
9531;15/09/2015;612,4
9531;14/09/2015;625
9531;11/09/2015;618
9531;10/09/2015;617,3
9531;09/09/2015;618
9531;08/09/2015;616,5
9531;07/09/2015;608,3
9531;04/09/2015;623,6
9531;03/09/2015;625
9531;02/09/2015;617,1
9531;01/09/2015;657,6
9531;31/08/2015;660
9531;28/08/2015;660
9531;27/08/2015;649,2
9531;26/08/2015;623,6
9531;25/08/2015;639,1
9531;24/08/2015;680,3
9531;21/08/2015;698
9531;20/08/2015;706,6
9531;19/08/2015;704,2
9531;18/08/2015;702
9531;17/08/2015;702
9531;14/08/2015;700
9531;13/08/2015;693,4
9531;12/08/2015;699,7
9531;11/08/2015;710
9531;10/08/2015;705
9531;07/08/2015;699,8
9531;06/08/2015;699,2
9531;05/08/2015;700
9531;04/08/2015;677
9531;03/08/2015;667,6
9531;31/07/2015;672,8
9531;30/07/2015;673
9531;29/07/2015;664
9531;28/07/2015;662,4
9531;27/07/2015;660
9531;24/07/2015;669,9
9531;23/07/2015;677,8
9531;22/07/2015;677,8
9531;21/07/2015;672,8
9531;20/07/2015;670,5
9531;17/07/2015;668,7
9531;16/07/2015;668,7
9531;15/07/2015;668
9531;14/07/2015;670,5
9531;13/07/2015;649,1
9531;10/07/2015;646,6
9531;09/07/2015;638,7
9531;08/07/2015;649,1
9531;07/07/2015;656,7
9531;06/07/2015;641,2
9531;03/07/2015;650
9531;02/07/2015;650,4
9531;01/07/2015;652,6
9531;30/06/2015;660,6
9531;29/06/2015;655,1
9531;26/06/2015;676,8
9531;25/06/2015;678,6
9531;24/06/2015;696,3
9531;23/06/2015;688
9531;22/06/2015;669,5
9531;19/06/2015;678,9
9531;18/06/2015;685
9531;17/06/2015;697,3
9531;16/06/2015;689,9
9531;15/06/2015;682,5
9531;12/06/2015;701,5
9531;11/06/2015;695,1
9531;10/06/2015;692,1
9531;09/06/2015;676,5
9531;08/06/2015;677,7
9531;05/06/2015;675
9531;04/06/2015;694,8
9531;03/06/2015;700
9531;02/06/2015;692
9531;01/06/2015;677,8
9531;29/05/2015;689,7
9531;28/05/2015;673,9
9531;27/05/2015;682
9531;26/05/2015;683,6
9531;25/05/2015;682
9531;22/05/2015;679,6
9531;21/05/2015;681,5
9531;20/05/2015;675,7
9531;19/05/2015;671,3
9531;18/05/2015;672,6
9531;15/05/2015;684,9
9531;14/05/2015;688,9
9531;13/05/2015;683,7
9531;12/05/2015;687,5
9531;11/05/2015;699,5
9531;08/05/2015;672,8
9531;07/05/2015;671,1
9531;06/05/2015;677,5
9531;05/05/2015;677,5
9531;04/05/2015;677,5
9531;01/05/2015;689
9531;30/04/2015;707,1
9531;29/04/2015;736
9531;28/04/2015;750
9531;27/04/2015;744,1
9531;24/04/2015;752,9
9531;23/04/2015;749
9531;22/04/2015;746,9
9531;21/04/2015;736,1
9531;20/04/2015;735,3
9531;17/04/2015;736
9531;16/04/2015;743,5
9531;15/04/2015;757,1
9531;14/04/2015;758,8
9531;13/04/2015;772,1
9531;10/04/2015;800,9
9531;09/04/2015;802
9531;08/04/2015;796,6
9531;07/04/2015;792,7
9531;06/04/2015;776,6
9531;03/04/2015;774,6
9531;02/04/2015;757,5
9531;01/04/2015;749,1
9531;31/03/2015;770,8
9531;30/03/2015;751
9531;27/03/2015;750,4
9531;26/03/2015;766,7
9531;25/03/2015;764,2
9531;24/03/2015;762,5
9531;23/03/2015;762,9
9531;20/03/2015;766,9
9531;19/03/2015;762,2
9531;18/03/2015;755
9531;17/03/2015;761,2
9531;16/03/2015;742,8
9531;13/03/2015;736,9
9531;12/03/2015;729,9
9531;11/03/2015;716
9531;10/03/2015;732
9531;09/03/2015;740,5
9531;06/03/2015;741,2
9531;05/03/2015;732,3
9531;04/03/2015;749,5
9531;03/03/2015;741,8
9531;02/03/2015;729,4
9531;27/02/2015;730,6
9531;26/02/2015;730
9531;25/02/2015;731,9
9531;24/02/2015;730
9531;23/02/2015;735,4
9531;20/02/2015;731,6
9531;19/02/2015;731
9531;18/02/2015;728,6
9531;17/02/2015;724,4
9531;16/02/2015;714,8
9531;13/02/2015;716
9531;12/02/2015;723,5
9531;11/02/2015;716,5
9531;10/02/2015;715
9531;09/02/2015;715,4
9531;06/02/2015;707,3
9531;05/02/2015;724,6
9531;04/02/2015;722
9531;03/02/2015;720,9
9531;02/02/2015;703,2
9531;30/01/2015;706,9
9531;29/01/2015;697,1
9531;28/01/2015;694,8
9531;27/01/2015;696,5
9531;26/01/2015;680,7
9531;23/01/2015;685
9531;22/01/2015;679,9
9531;21/01/2015;678,7
9531;20/01/2015;675
9531;19/01/2015;661
9531;16/01/2015;645
9531;15/01/2015;650
9531;14/01/2015;633,9
9531;13/01/2015;629,9
9531;12/01/2015;633,5
9531;09/01/2015;633
9531;08/01/2015;628,6
9531;07/01/2015;622,6
9531;06/01/2015;633,3
9531;05/01/2015;650
9531;02/01/2015;652,1
9531;01/01/2015;652,1
9531;31/12/2014;652,1
9531;30/12/2014;664
9531;29/12/2014;658,9
9531;26/12/2014;648,5
9531;25/12/2014;646
9531;24/12/2014;649
9531;23/12/2014;640,5
9531;22/12/2014;644,5
9531;19/12/2014;645
9531;18/12/2014;634,8
9531;17/12/2014;617
9531;16/12/2014;611
9531;15/12/2014;615
9531;12/12/2014;621,7
9531;11/12/2014;630
9531;10/12/2014;639,6
9531;09/12/2014;636,2
9531;08/12/2014;649,2
9531;05/12/2014;644,8
9531;04/12/2014;660
9531;03/12/2014;659
9531;02/12/2014;647
9531;01/12/2014;647,8
9531;28/11/2014;640
9531;27/11/2014;639,2
9531;26/11/2014;636,3
9531;25/11/2014;647,5
9531;24/11/2014;640,3
9531;21/11/2014;639,1
9531;20/11/2014;644,9
9531;19/11/2014;648,7
9531;18/11/2014;644,9
9531;17/11/2014;649,1
9531;14/11/2014;660
9531;13/11/2014;648,9
9531;12/11/2014;652,3
9531;11/11/2014;645,2
9531;10/11/2014;647,5
9531;07/11/2014;649,1
9531;06/11/2014;657
9531;05/11/2014;646,5
9531;04/11/2014;665,6
9531;03/11/2014;635,8
9531;31/10/2014;619,9
9531;30/10/2014;611,1
9531;29/10/2014;610
9531;28/10/2014;608,3
9531;27/10/2014;598
9531;24/10/2014;594
9531;23/10/2014;579,8
9531;22/10/2014;571,9
9531;21/10/2014;572,4
9531;20/10/2014;575
9531;17/10/2014;564,5
9531;16/10/2014;567
9531;15/10/2014;580
9531;14/10/2014;578
9531;13/10/2014;586,4
9531;10/10/2014;583,6
9531;09/10/2014;591,1
9531;08/10/2014;589
9531;07/10/2014;594
9531;06/10/2014;597,2
9531;03/10/2014;591,9
9531;02/10/2014;609
9531;01/10/2014;616,6
9531;30/09/2014;621,9
9531;29/09/2014;622,8
9531;26/09/2014;619,1
9531;25/09/2014;623,8
9531;24/09/2014;618,9
9531;23/09/2014;622,2
9531;22/09/2014;617,3
9531;19/09/2014;620,1
9531;18/09/2014;617,2
9531;17/09/2014;614,8
9531;16/09/2014;614,1
9531;15/09/2014;611,8
9531;12/09/2014;610,9
9531;11/09/2014;620
9531;10/09/2014;611
9531;09/09/2014;616
9531;08/09/2014;615
9531;05/09/2014;612,1
9531;04/09/2014;604,8
9531;03/09/2014;598,5
9531;02/09/2014;593,2
9531;01/09/2014;591,1
9531;29/08/2014;590,7
9531;28/08/2014;590
9531;27/08/2014;598
9531;26/08/2014;599,4
9531;25/08/2014;606,8
9531;22/08/2014;608
9531;21/08/2014;600,7
9531;20/08/2014;600
9531;19/08/2014;599,5
9531;18/08/2014;595,2
9531;15/08/2014;593,8
9531;14/08/2014;589,2
9531;13/08/2014;586,1
9531;12/08/2014;584,6
9531;11/08/2014;580
9531;08/08/2014;580
9531;07/08/2014;588,9
9531;06/08/2014;592,8
9531;05/08/2014;600,6
9531;04/08/2014;595,5
9531;01/08/2014;593,7
9531;31/07/2014;595,3
9531;30/07/2014;607
9531;29/07/2014;612
9531;28/07/2014;610,3
9531;25/07/2014;609,9
9531;24/07/2014;605,2
9531;23/07/2014;606,4
9531;22/07/2014;598,5
9531;21/07/2014;595
9531;18/07/2014;593
9531;17/07/2014;599
9531;16/07/2014;598
9531;15/07/2014;590
9531;14/07/2014;587
9531;11/07/2014;583
9531;10/07/2014;593
9531;09/07/2014;587
9531;08/07/2014;587
9531;07/07/2014;592
9531;04/07/2014;590
9531;03/07/2014;598
9531;02/07/2014;596
9531;01/07/2014;590
9531;30/06/2014;582
9531;27/06/2014;582
9531;26/06/2014;585
9531;25/06/2014;582
9531;24/06/2014;580
9531;23/06/2014;585
9531;20/06/2014;586
9531;19/06/2014;578
9531;18/06/2014;582
9531;17/06/2014;579
9531;16/06/2014;573
9531;13/06/2014;577
9531;12/06/2014;570
9531;11/06/2014;571
9531;10/06/2014;567
9531;09/06/2014;571
9531;06/06/2014;572
9531;05/06/2014;579
9531;04/06/2014;577
9531;03/06/2014;589
9531;02/06/2014;583
9531;30/05/2014;572
9531;29/05/2014;572
9531;28/05/2014;571
9531;27/05/2014;576
9531;26/05/2014;574
9531;23/05/2014;562
9531;22/05/2014;563
9531;21/05/2014;555
9531;20/05/2014;555
9531;19/05/2014;547
9531;16/05/2014;563
9531;15/05/2014;552
9531;14/05/2014;554
9531;13/05/2014;558
9531;12/05/2014;547
9531;09/05/2014;541
9531;08/05/2014;541
9531;07/05/2014;532
9531;06/05/2014;537
9531;05/05/2014;537
9531;02/05/2014;531
9531;01/05/2014;535
9531;30/04/2014;518
9531;29/04/2014;514
9531;28/04/2014;522
9531;25/04/2014;518
9531;24/04/2014;526
9531;23/04/2014;523
9531;22/04/2014;518
9531;21/04/2014;517
9531;18/04/2014;518
9531;17/04/2014;506
9531;16/04/2014;499
9531;15/04/2014;503
9531;14/04/2014;497
9531;11/04/2014;491
9531;10/04/2014;509
9531;09/04/2014;500
9531;08/04/2014;506
9531;07/04/2014;510
9531;04/04/2014;515
9531;03/04/2014;517
9531;02/04/2014;517
9531;01/04/2014;524
9531;31/03/2014;527
9531;28/03/2014;517
9531;27/03/2014;492
9531;26/03/2014;516
9531;25/03/2014;508
9531;24/03/2014;514
9531;21/03/2014;511
9531;20/03/2014;518
9531;19/03/2014;514
9531;18/03/2014;517
9531;17/03/2014;510
9531;14/03/2014;528
9531;13/03/2014;523
9531;12/03/2014;525
9531;11/03/2014;521
9531;10/03/2014;512
9531;07/03/2014;508
9531;06/03/2014;508
9531;05/03/2014;513
9531;04/03/2014;511
9531;03/03/2014;507
9531;28/02/2014;506
9531;27/02/2014;508
9531;26/02/2014;501
9531;25/02/2014;501
9531;24/02/2014;497
9531;21/02/2014;484
9531;20/02/2014;480
9531;19/02/2014;483
9531;18/02/2014;482
9531;17/02/2014;477
9531;14/02/2014;485
9531;13/02/2014;486
9531;12/02/2014;489
9531;11/02/2014;485
9531;10/02/2014;489
9531;07/02/2014;478
9531;06/02/2014;475
9531;05/02/2014;478
9531;04/02/2014;490
9531;03/02/2014;505
9531;31/01/2014;514
9531;30/01/2014;519
9531;29/01/2014;522
9531;28/01/2014;524
9531;27/01/2014;511
9531;24/01/2014;514
9531;23/01/2014;520
9531;22/01/2014;511
9531;21/01/2014;518
9531;20/01/2014;515
9531;17/01/2014;513
9531;16/01/2014;511
9531;15/01/2014;503
9531;14/01/2014;504
9531;13/01/2014;504
9531;10/01/2014;509
9531;09/01/2014;512
9531;08/01/2014;512
9531;07/01/2014;515
9531;06/01/2014;518
9531;03/01/2014;518
9531;02/01/2014;518
9531;01/01/2014;518
9531;31/12/2013;518
9531;30/12/2013;514
9531;27/12/2013;510
9531;26/12/2013;506
9531;25/12/2013;505
9531;24/12/2013;510
9531;23/12/2013;507
9531;20/12/2013;507
9531;19/12/2013;510
9531;18/12/2013;500
9531;17/12/2013;499
9531;16/12/2013;503
9531;13/12/2013;502
9531;12/12/2013;503
9531;11/12/2013;501
9531;10/12/2013;499
9531;09/12/2013;505
9531;06/12/2013;504
9531;05/12/2013;508
9531;04/12/2013;509
9531;03/12/2013;515
9531;02/12/2013;514
9531;29/11/2013;509
9531;28/11/2013;510
9531;27/11/2013;511
9531;26/11/2013;520
9531;25/11/2013;516
9531;22/11/2013;518
9531;21/11/2013;513
9531;20/11/2013;516
9531;19/11/2013;515
9531;18/11/2013;516
9531;15/11/2013;521
9531;14/11/2013;509
9531;13/11/2013;505
9531;12/11/2013;504
9531;11/11/2013;507
9531;08/11/2013;501
9531;07/11/2013;513
9531;06/11/2013;512
9531;05/11/2013;523
9531;04/11/2013;519
9531;01/11/2013;531
9531;31/10/2013;530
9531;30/10/2013;526
9531;29/10/2013;518
9531;28/10/2013;513
9531;25/10/2013;519
9531;24/10/2013;516
9531;23/10/2013;532
9531;22/10/2013;531
9531;21/10/2013;532
9531;18/10/2013;538
9531;17/10/2013;540
9531;16/10/2013;539
9531;15/10/2013;543
9531;14/10/2013;538
9531;11/10/2013;542
9531;10/10/2013;528
9531;09/10/2013;522
9531;08/10/2013;520
9531;07/10/2013;521
9531;04/10/2013;524
9531;03/10/2013;531
9531;02/10/2013;529
9531;01/10/2013;538
9531;30/09/2013;530
9531;27/09/2013;542
9531;26/09/2013;537
9531;25/09/2013;536
9531;24/09/2013;541
9531;23/09/2013;549
9531;20/09/2013;545
9531;19/09/2013;542
9531;18/09/2013;532
9531;17/09/2013;534
9531;16/09/2013;531
9531;13/09/2013;534
9531;12/09/2013;543
9531;11/09/2013;545
9531;10/09/2013;537
9531;09/09/2013;536
9531;06/09/2013;520
9531;05/09/2013;518
9531;04/09/2013;511
9531;03/09/2013;521
9531;02/09/2013;513
9531;30/08/2013;519
9531;29/08/2013;521
9531;28/08/2013;524
9531;27/08/2013;535
9531;26/08/2013;537
9531;23/08/2013;538
9531;22/08/2013;535
9531;21/08/2013;533
9531;20/08/2013;543
9531;19/08/2013;540
9531;16/08/2013;542
9531;15/08/2013;546
9531;14/08/2013;549
9531;13/08/2013;528
9531;12/08/2013;518
9531;09/08/2013;526
9531;08/08/2013;524
9531;07/08/2013;534
9531;06/08/2013;550
9531;05/08/2013;555
9531;02/08/2013;556
9531;01/08/2013;537
9531;31/07/2013;553
9531;30/07/2013;538
9531;29/07/2013;546
9531;26/07/2013;566
9531;25/07/2013;586
9531;24/07/2013;574
9531;23/07/2013;563
9531;22/07/2013;570
9531;19/07/2013;576
9531;18/07/2013;572
9531;17/07/2013;565
9531;16/07/2013;575
9531;15/07/2013;571
9531;12/07/2013;505
9531;11/07/2013;505
9531;10/07/2013;505
9531;09/07/2013;505
9531;08/07/2013;505
9531;05/07/2013;505
9531;04/07/2013;505
9531;03/07/2013;505
9531;02/07/2013;505
9531;01/07/2013;505
9531;28/06/2013;505
9531;27/06/2013;505
9531;26/06/2013;505
9531;25/06/2013;505
9531;24/06/2013;505
9531;21/06/2013;505
9531;20/06/2013;505
9531;19/06/2013;505
9531;18/06/2013;505
9531;17/06/2013;505
9531;14/06/2013;505
9531;13/06/2013;505
9531;12/06/2013;505
9531;11/06/2013;505
9531;10/06/2013;505
9531;07/06/2013;505
9531;06/06/2013;580
9531;05/06/2013;580
9531;04/06/2013;580
9531;03/06/2013;580
9531;31/05/2013;580
9531;30/05/2013;580
9531;29/05/2013;580
9531;28/05/2013;580
9531;27/05/2013;580
9531;24/05/2013;580
9531;23/05/2013;580
9531;22/05/2013;580
9531;21/05/2013;580
9531;20/05/2013;580
9531;17/05/2013;580
9531;16/05/2013;580
9531;15/05/2013;580
9531;14/05/2013;580
9531;13/05/2013;580
9531;10/05/2013;580
9531;09/05/2013;580
9531;08/05/2013;580
9531;07/05/2013;527
9531;06/05/2013;527
9531;03/05/2013;527
9531;02/05/2013;527
9531;01/05/2013;527
9531;30/04/2013;527
9531;29/04/2013;527
9531;26/04/2013;527
9531;25/04/2013;527
9531;24/04/2013;527
9531;23/04/2013;527
9531;22/04/2013;527
9531;19/04/2013;527
9531;18/04/2013;527
9531;17/04/2013;527
9531;16/04/2013;527
9531;15/04/2013;527
9531;12/04/2013;527
9531;11/04/2013;440
9531;10/04/2013;440
9531;09/04/2013;440
9531;08/04/2013;440
9531;05/04/2013;440
9531;04/04/2013;440
9531;03/04/2013;440
9531;02/04/2013;440
9531;01/04/2013;440
9531;29/03/2013;440
9531;28/03/2013;440
9531;27/03/2013;440
9531;26/03/2013;440
9531;25/03/2013;440
9531;22/03/2013;440
9531;21/03/2013;440
9531;20/03/2013;440
9531;19/03/2013;440
9531;18/03/2013;440
9531;15/03/2013;440
9531;14/03/2013;440
9531;13/03/2013;440
9531;12/03/2013;440
9531;11/03/2013;440
9531;08/03/2013;440
9531;07/03/2013;440
9531;06/03/2013;440
9531;05/03/2013;440
9531;04/03/2013;440
9531;01/03/2013;440
9531;28/02/2013;440
9531;27/02/2013;440
9531;26/02/2013;440
9531;25/02/2013;440
9531;22/02/2013;440
9531;21/02/2013;440
9531;20/02/2013;440
9531;19/02/2013;440
9531;18/02/2013;440
9531;15/02/2013;440
9531;14/02/2013;440
9531;13/02/2013;440
9531;12/02/2013;440
9531;11/02/2013;429
9531;08/02/2013;429
9531;07/02/2013;429
9531;06/02/2013;429
9531;05/02/2013;429
9531;04/02/2013;429
9531;01/02/2013;429
9531;31/01/2013;429
9531;30/01/2013;429
9531;29/01/2013;429
9531;28/01/2013;429
9531;25/01/2013;429
9531;24/01/2013;429
9531;23/01/2013;429
9531;22/01/2013;429
9531;21/01/2013;429
9531;18/01/2013;429
9531;17/01/2013;429
9531;16/01/2013;429
9531;15/01/2013;429
9531;14/01/2013;429
9531;11/01/2013;429
9531;10/01/2013;429
9531;09/01/2013;429
9531;08/01/2013;429
9531;07/01/2013;429
9531;04/01/2013;429
9531;03/01/2013;429
9531;02/01/2013;429
9531;01/01/2013;429
9531;31/12/2012;429
9531;28/12/2012;429
9531;27/12/2012;429
9531;26/12/2012;429
9531;25/12/2012;429
9531;24/12/2012;429
9531;21/12/2012;429
9531;20/12/2012;429
9531;19/12/2012;429
9531;18/12/2012;429
9531;17/12/2012;429
9531;14/12/2012;429
9531;13/12/2012;429
9531;12/12/2012;429
9531;11/12/2012;429
9531;10/12/2012;429
9531;07/12/2012;429
9531;06/12/2012;429
9531;05/12/2012;429
9531;04/12/2012;429
9531;03/12/2012;429
9531;30/11/2012;429
9531;29/11/2012;429
9531;28/11/2012;429
9531;27/11/2012;429
9531;26/11/2012;429
9531;23/11/2012;429
9531;22/11/2012;429
9531;21/11/2012;429
9531;20/11/2012;429
9531;19/11/2012;429
9531;16/11/2012;429
9531;15/11/2012;429
9531;14/11/2012;429
9531;13/11/2012;429
9531;12/11/2012;429
9531;09/11/2012;429
9531;08/11/2012;429
9531;07/11/2012;429
9531;06/11/2012;429
9531;05/11/2012;429
9531;02/11/2012;429
9531;01/11/2012;429
9531;31/10/2012;429
9531;30/10/2012;429
9531;29/10/2012;429
9531;26/10/2012;429
9531;25/10/2012;429
9531;24/10/2012;429
9531;23/10/2012;429
9531;22/10/2012;429
9531;19/10/2012;429
9531;18/10/2012;430
9531;17/10/2012;430
9531;16/10/2012;425
9531;15/10/2012;423
9531;12/10/2012;428
9531;11/10/2012;423
9531;10/10/2012;422
9531;09/10/2012;429
9531;08/10/2012;428
9531;05/10/2012;428
9531;04/10/2012;432
9531;03/10/2012;430
9531;02/10/2012;428
9531;01/10/2012;420
9531;28/09/2012;432
9531;27/09/2012;429
9531;26/09/2012;427
9531;25/09/2012;431
9531;24/09/2012;434
9531;21/09/2012;422
9531;20/09/2012;431
9531;19/09/2012;435
9531;18/09/2012;431
9531;17/09/2012;437
9531;14/09/2012;437
9531;13/09/2012;437
9531;12/09/2012;434
9531;11/09/2012;434
9531;10/09/2012;429
9531;07/09/2012;415
9531;06/09/2012;420
9531;05/09/2012;420
9531;04/09/2012;428
9531;03/09/2012;432
9531;31/08/2012;426
9531;30/08/2012;417
9531;29/08/2012;417
9531;28/08/2012;419
9531;27/08/2012;425
9531;24/08/2012;424
9531;23/08/2012;421
9531;22/08/2012;424
9531;21/08/2012;423
9531;20/08/2012;423
9531;17/08/2012;420
9531;16/08/2012;421
9531;15/08/2012;421
9531;14/08/2012;413
9531;13/08/2012;410
9531;10/08/2012;417
9531;09/08/2012;413
9531;08/08/2012;416
9531;07/08/2012;412
9531;06/08/2012;408
9531;03/08/2012;403
9531;02/08/2012;415
9531;01/08/2012;404
9531;31/07/2012;393
9531;30/07/2012;396
9531;27/07/2012;392
9531;26/07/2012;395
9531;25/07/2012;400
9531;24/07/2012;405
9531;23/07/2012;406
9531;20/07/2012;413
9531;19/07/2012;409
9531;18/07/2012;411
9531;17/07/2012;409
9531;16/07/2012;409
9531;13/07/2012;409
9531;12/07/2012;414
9531;11/07/2012;408
9531;10/07/2012;412
9531;09/07/2012;411
9531;06/07/2012;412
9531;05/07/2012;417
9531;04/07/2012;415
9531;03/07/2012;407
9531;02/07/2012;407
9531;29/06/2012;400
9531;28/06/2012;398
9531;27/06/2012;392
9531;26/06/2012;386
9531;25/06/2012;384
9531;22/06/2012;390
9531;21/06/2012;383
9531;20/06/2012;372
9531;19/06/2012;371
9531;18/06/2012;372
9531;15/06/2012;372
9531;14/06/2012;373
9531;13/06/2012;370
9531;12/06/2012;376
9531;11/06/2012;376
9531;08/06/2012;379
9531;07/06/2012;372
9531;06/06/2012;374
9531;05/06/2012;372
9531;04/06/2012;370
9531;01/06/2012;372
9531;31/05/2012;374
9531;30/05/2012;369
9531;29/05/2012;372
9531;28/05/2012;374
9531;25/05/2012;369
9531;24/05/2012;372
9531;23/05/2012;371
9531;22/05/2012;374
9531;21/05/2012;374
9531;18/05/2012;377
9531;17/05/2012;383
9531;16/05/2012;388
9531;15/05/2012;393
9531;14/05/2012;389
9531;11/05/2012;387
9531;10/05/2012;385
9531;09/05/2012;386
9531;08/05/2012;392
9531;07/05/2012;383
9531;04/05/2012;386
9531;03/05/2012;386
9531;02/05/2012;386
9531;01/05/2012;386
9531;30/04/2012;383
9531;27/04/2012;383
9531;26/04/2012;389
9531;25/04/2012;387
9531;24/04/2012;387
9531;23/04/2012;391
9531;20/04/2012;390
9531;19/04/2012;389
9531;18/04/2012;392
9531;17/04/2012;387
9531;16/04/2012;387
9531;13/04/2012;381
9531;12/04/2012;381
9531;11/04/2012;381
9531;10/04/2012;385
9531;09/04/2012;388
9531;06/04/2012;389
9531;05/04/2012;390
9531;04/04/2012;399
9531;03/04/2012;395
9531;02/04/2012;390
9531;30/03/2012;388
9531;29/03/2012;386
9531;28/03/2012;395
9531;27/03/2012;389
9531;26/03/2012;392
9531;23/03/2012;399
9531;22/03/2012;394
9531;21/03/2012;390
9531;20/03/2012;393
9531;19/03/2012;393
9531;16/03/2012;393
9531;15/03/2012;389
9531;14/03/2012;386
9531;13/03/2012;384
9531;12/03/2012;385
9531;09/03/2012;385
9531;08/03/2012;378
9531;07/03/2012;385
9531;06/03/2012;377
9531;05/03/2012;377
9531;02/03/2012;374
9531;01/03/2012;371
9531;29/02/2012;371
9531;28/02/2012;361
9531;27/02/2012;363
9531;24/02/2012;366
9531;23/02/2012;365
9531;22/02/2012;369
9531;21/02/2012;366
9531;20/02/2012;366
9531;17/02/2012;364
9531;16/02/2012;368
9531;15/02/2012;371
9531;14/02/2012;369
9531;13/02/2012;369
9531;10/02/2012;365
9531;09/02/2012;357
9531;08/02/2012;361
9531;07/02/2012;354
9531;06/02/2012;347
9531;03/02/2012;346
9531;02/02/2012;352
9531;01/02/2012;352
9531;31/01/2012;356
9531;30/01/2012;357
9531;27/01/2012;352
9531;26/01/2012;349
9531;25/01/2012;345
9531;24/01/2012;344
9531;23/01/2012;346
9531;20/01/2012;346
9531;19/01/2012;346
9531;18/01/2012;352
9531;17/01/2012;349
9531;16/01/2012;350
9531;13/01/2012;351
9531;12/01/2012;350
9531;11/01/2012;357
9531;10/01/2012;350
9531;09/01/2012;353
9531;06/01/2012;353
9531;05/01/2012;360
9531;04/01/2012;354
9531;03/01/2012;352
9531;02/01/2012;352
9531;30/12/2011;352
9531;29/12/2011;349
9531;28/12/2011;348
9531;27/12/2011;348
9531;26/12/2011;354
9531;23/12/2011;352
9531;22/12/2011;352
9531;21/12/2011;350
9531;20/12/2011;351
9531;19/12/2011;356
9531;16/12/2011;348
9531;15/12/2011;355
9531;14/12/2011;347
9531;13/12/2011;351
9531;12/12/2011;347
9531;09/12/2011;346
9531;08/12/2011;343
9531;07/12/2011;341
9531;06/12/2011;342
9531;05/12/2011;342
9531;02/12/2011;339
9531;01/12/2011;335
9531;30/11/2011;328
9531;29/11/2011;327
9531;28/11/2011;330
9531;25/11/2011;326
9531;24/11/2011;331
9531;23/11/2011;332
9531;22/11/2011;332
9531;21/11/2011;332
9531;18/11/2011;335
9531;17/11/2011;329
9531;16/11/2011;327
9531;15/11/2011;330
9531;14/11/2011;331
9531;11/11/2011;331
9531;10/11/2011;329
9531;09/11/2011;324
9531;08/11/2011;323
9531;07/11/2011;314
9531;04/11/2011;326
9531;02/11/2011;338
9531;01/11/2011;337
9531;31/10/2011;336
9531;28/10/2011;339
9531;27/10/2011;339
9531;26/10/2011;341
9531;25/10/2011;344
9531;24/10/2011;347
9531;21/10/2011;347
9531;20/10/2011;346
9531;19/10/2011;350
9531;18/10/2011;351
9531;17/10/2011;344
9531;14/10/2011;345
9531;13/10/2011;344
9531;12/10/2011;346
9531;11/10/2011;347
9531;10/10/2011;347
9531;07/10/2011;350
9531;06/10/2011;347
9531;05/10/2011;357
9531;04/10/2011;360
9531;03/10/2011;361
9531;30/09/2011;362
9531;29/09/2011;354
9531;28/09/2011;353
9531;27/09/2011;357
9531;26/09/2011;350
9531;23/09/2011;350
9531;22/09/2011;346
9531;21/09/2011;350
9531;20/09/2011;349
9531;19/09/2011;349
9531;16/09/2011;345
9531;15/09/2011;346
9531;14/09/2011;350
9531;13/09/2011;354
9531;12/09/2011;357
9531;09/09/2011;360
9531;08/09/2011;359
9531;07/09/2011;361
9531;06/09/2011;355
9531;05/09/2011;354
9531;02/09/2011;350
9531;01/09/2011;351
9531;31/08/2011;348
9531;30/08/2011;349
9531;29/08/2011;348
9531;26/08/2011;351
9531;25/08/2011;357
9531;24/08/2011;358
9531;23/08/2011;357
9531;22/08/2011;354
9531;19/08/2011;355
9531;18/08/2011;348
9531;17/08/2011;347
9531;16/08/2011;349
9531;15/08/2011;351
9531;12/08/2011;351
9531;11/08/2011;353
9531;10/08/2011;345
9531;09/08/2011;337
9531;08/08/2011;353
9531;05/08/2011;350
9531;04/08/2011;353
9531;03/08/2011;357
9531;02/08/2011;362
9531;01/08/2011;367
9531;29/07/2011;359
9531;28/07/2011;362
9531;27/07/2011;366
9531;26/07/2011;365
9531;25/07/2011;372
9531;22/07/2011;373
9531;21/07/2011;378
9531;20/07/2011;376
9531;19/07/2011;384
9531;18/07/2011;384
9531;15/07/2011;381
9531;14/07/2011;383
9531;13/07/2011;379
9531;12/07/2011;380
9531;11/07/2011;376
9531;08/07/2011;376
9531;07/07/2011;373
9531;06/07/2011;371
9531;05/07/2011;370
9531;04/07/2011;363
9531;01/07/2011;363
9531;30/06/2011;365
9531;29/06/2011;365
9531;28/06/2011;369
9531;27/06/2011;370
9531;24/06/2011;374
9531;23/06/2011;371
9531;22/06/2011;374
9531;21/06/2011;368
9531;20/06/2011;372
9531;17/06/2011;370
9531;16/06/2011;370
9531;15/06/2011;373
9531;14/06/2011;365
9531;13/06/2011;361
9531;10/06/2011;360
9531;09/06/2011;354
9531;08/06/2011;349
9531;07/06/2011;350
9531;06/06/2011;345
9531;03/06/2011;345
9531;02/06/2011;342
9531;01/06/2011;346
9531;31/05/2011;336
9531;30/05/2011;336
9531;27/05/2011;338
9531;26/05/2011;339
9531;25/05/2011;344
9531;24/05/2011;336
9531;23/05/2011;335
9531;20/05/2011;342
9531;19/05/2011;340
9531;18/05/2011;340
9531;17/05/2011;341
9531;16/05/2011;346
9531;13/05/2011;349
9531;12/05/2011;350
9531;11/05/2011;353
9531;10/05/2011;358
9531;09/05/2011;360
9531;06/05/2011;359
9531;05/05/2011;359
9531;04/05/2011;359
9531;03/05/2011;359
9531;02/05/2011;359
9531;29/04/2011;359
9531;28/04/2011;354
9531;27/04/2011;351
9531;26/04/2011;350
9531;25/04/2011;358
9531;22/04/2011;361
9531;21/04/2011;363
9531;20/04/2011;359
9531;19/04/2011;364
9531;18/04/2011;367
9531;15/04/2011;362
9531;14/04/2011;363
9531;13/04/2011;370
9531;12/04/2011;377
9531;11/04/2011;379
9531;08/04/2011;373
9531;07/04/2011;372
9531;06/04/2011;378
9531;05/04/2011;378
9531;04/04/2011;375
9531;01/04/2011;370
9531;31/03/2011;374
9531;30/03/2011;374
9531;29/03/2011;375
9531;28/03/2011;364
9531;25/03/2011;358
9531;24/03/2011;362
9531;23/03/2011;361
9531;22/03/2011;354
9531;21/03/2011;354
9531;18/03/2011;345
9531;17/03/2011;333
9531;16/03/2011;321
9531;15/03/2011;321
9531;14/03/2011;340
9531;11/03/2011;362
9531;10/03/2011;362
9531;09/03/2011;358
9531;08/03/2011;361
9531;07/03/2011;364
9531;04/03/2011;362
9531;03/03/2011;362
9531;02/03/2011;368
9531;01/03/2011;365
9531;28/02/2011;369
9531;25/02/2011;369
9531;24/02/2011;369
9531;23/02/2011;371
9531;22/02/2011;369
9531;21/02/2011;370
9531;18/02/2011;369
9531;17/02/2011;367
9531;16/02/2011;370
9531;15/02/2011;369
9531;14/02/2011;368
9531;11/02/2011;368
9531;10/02/2011;369
9531;09/02/2011;369
9531;08/02/2011;368
9531;07/02/2011;368
9531;04/02/2011;365
9531;03/02/2011;363
9531;02/02/2011;358
9531;01/02/2011;357
9531;31/01/2011;358
9531;28/01/2011;361
9531;27/01/2011;359
9531;26/01/2011;362
9531;25/01/2011;361
9531;24/01/2011;361
9531;21/01/2011;359
9531;20/01/2011;358
9531;19/01/2011;360
9531;18/01/2011;358
9531;17/01/2011;358
9531;14/01/2011;361
9531;13/01/2011;361
9531;12/01/2011;363
9531;11/01/2011;360
9531;10/01/2011;360
9531;07/01/2011;363
9531;06/01/2011;361
9531;05/01/2011;360
9531;04/01/2011;360
9531;03/01/2011;360
9531;31/12/2010;360
9531;30/12/2010;364
9531;29/12/2010;362
9531;28/12/2010;364
9531;27/12/2010;365
9531;24/12/2010;365
9531;23/12/2010;365
9531;22/12/2010;365
9531;21/12/2010;364
9531;20/12/2010;366
9531;17/12/2010;366
9531;16/12/2010;366
9531;15/12/2010;366
9531;14/12/2010;366
9531;13/12/2010;364
9531;10/12/2010;366
9531;09/12/2010;370
9531;08/12/2010;370
9531;07/12/2010;365
9531;06/12/2010;367
9531;03/12/2010;363
9531;02/12/2010;366
9531;01/12/2010;365
9531;30/11/2010;367
9531;29/11/2010;366
9531;26/11/2010;364
9531;25/11/2010;365
9531;24/11/2010;372
9531;23/11/2010;372
9531;22/11/2010;371
9531;19/11/2010;378
9531;18/11/2010;369
9531;17/11/2010;369
9531;16/11/2010;375
9531;15/11/2010;376
9531;12/11/2010;377
9531;11/11/2010;380
9531;10/11/2010;375
9531;09/11/2010;373
9531;08/11/2010;376
9531;05/11/2010;375
9531;04/11/2010;376
9531;03/11/2010;376
9531;02/11/2010;380
9531;01/11/2010;379
9531;29/10/2010;369
9531;28/10/2010;369
9531;27/10/2010;373
9531;26/10/2010;371
9531;25/10/2010;374
9531;22/10/2010;376
9531;21/10/2010;376
9531;20/10/2010;377
9531;19/10/2010;380
9531;18/10/2010;362
9531;15/10/2010;363
9531;14/10/2010;358
9531;13/10/2010;352
9531;12/10/2010;362
9531;11/10/2010;362
9531;08/10/2010;363
9531;07/10/2010;371
9531;06/10/2010;370
9531;05/10/2010;368
9531;04/10/2010;374
9531;01/10/2010;379
9531;30/09/2010;383
9531;29/09/2010;378
9531;28/09/2010;380
9531;27/09/2010;382
9531;24/09/2010;389
9531;23/09/2010;389
9531;22/09/2010;388
9531;21/09/2010;389
9531;20/09/2010;389
9531;17/09/2010;392
9531;16/09/2010;399
9531;15/09/2010;393
9531;14/09/2010;396
9531;13/09/2010;398
9531;10/09/2010;396
9531;09/09/2010;401
9531;08/09/2010;403
9531;07/09/2010;401
9531;06/09/2010;398
9531;03/09/2010;395
9531;02/09/2010;396
9531;01/09/2010;392
9531;31/08/2010;394
9531;30/08/2010;391
9531;27/08/2010;388
9531;26/08/2010;389
9531;25/08/2010;391
9531;24/08/2010;385
9531;23/08/2010;385
9531;20/08/2010;386
9531;19/08/2010;390
9531;18/08/2010;390
9531;17/08/2010;392
9531;16/08/2010;389
9531;13/08/2010;391
9531;12/08/2010;393
9531;11/08/2010;393
9531;10/08/2010;393
9531;09/08/2010;390
9531;06/08/2010;389
9531;05/08/2010;386
9531;04/08/2010;386
9531;03/08/2010;389
9531;02/08/2010;393
9531;30/07/2010;397
9531;29/07/2010;393
9531;28/07/2010;393
9531;27/07/2010;392
9531;26/07/2010;392
9531;23/07/2010;397
9531;22/07/2010;396
9531;21/07/2010;394
9531;20/07/2010;391
9531;19/07/2010;391
9531;16/07/2010;390
9531;15/07/2010;389
9531;14/07/2010;392
9531;13/07/2010;393
9531;12/07/2010;398
9531;09/07/2010;403
9531;08/07/2010;399
9531;07/07/2010;400
9531;06/07/2010;400
9531;05/07/2010;400
9531;02/07/2010;403
9531;01/07/2010;405
9531;30/06/2010;405
9531;29/06/2010;411
9531;28/06/2010;413
9531;25/06/2010;414
9531;24/06/2010;413
9531;23/06/2010;414
9531;22/06/2010;414
9531;21/06/2010;412
9531;18/06/2010;412
9531;17/06/2010;413
9531;16/06/2010;412
9531;15/06/2010;412
9531;14/06/2010;408
9531;11/06/2010;408
9531;10/06/2010;410
9531;09/06/2010;412
9531;08/06/2010;409
9531;07/06/2010;410
9531;04/06/2010;411
9531;03/06/2010;414
9531;02/06/2010;415
9531;01/06/2010;406
9531;31/05/2010;398
9531;28/05/2010;404
9531;27/05/2010;402
9531;26/05/2010;399
9531;25/05/2010;394
9531;24/05/2010;395
9531;21/05/2010;397
9531;20/05/2010;397
9531;19/05/2010;397
9531;18/05/2010;397
9531;17/05/2010;399
9531;14/05/2010;403
9531;13/05/2010;405
9531;12/05/2010;400
9531;11/05/2010;395
9531;10/05/2010;396
9531;07/05/2010;402
9531;06/05/2010;399
9531;05/05/2010;399
9531;04/05/2010;399
9531;03/05/2010;399
9531;30/04/2010;401
9531;29/04/2010;386
9531;28/04/2010;390
9531;27/04/2010;393
9531;26/04/2010;387
9531;23/04/2010;390
9531;22/04/2010;388
9531;21/04/2010;395
9531;20/04/2010;390
9531;19/04/2010;393
9531;16/04/2010;395
9531;15/04/2010;393
9531;14/04/2010;399
9531;13/04/2010;401
9531;12/04/2010;399
9531;09/04/2010;399
9531;08/04/2010;404
9531;07/04/2010;405
9531;06/04/2010;404
9531;05/04/2010;411
9531;02/04/2010;414
9531;01/04/2010;412
9531;31/03/2010;411
9531;30/03/2010;411
9531;29/03/2010;409
9531;26/03/2010;406
9531;25/03/2010;400
9531;24/03/2010;400
9531;23/03/2010;402
9531;22/03/2010;402
9531;19/03/2010;404
9531;18/03/2010;403
9531;17/03/2010;400
9531;16/03/2010;397
9531;15/03/2010;397
9531;12/03/2010;396
9531;11/03/2010;394
9531;10/03/2010;395
9531;09/03/2010;398
9531;08/03/2010;397
9531;05/03/2010;400
9531;04/03/2010;398
9531;03/03/2010;397
9531;02/03/2010;393
9531;01/03/2010;396
9531;26/02/2010;392
9531;25/02/2010;388
9531;24/02/2010;390
9531;23/02/2010;391
9531;22/02/2010;394
9531;19/02/2010;385
9531;18/02/2010;389
9531;17/02/2010;383
9531;16/02/2010;379
9531;15/02/2010;377
9531;12/02/2010;378
9531;11/02/2010;378
9531;10/02/2010;378
9531;09/02/2010;382
9531;08/02/2010;385
9531;05/02/2010;373
9531;04/02/2010;370
9531;03/02/2010;364
9531;02/02/2010;363
9531;01/02/2010;366
9531;29/01/2010;367
9531;28/01/2010;368
9531;27/01/2010;366
9531;26/01/2010;372
9531;25/01/2010;371
9531;22/01/2010;373
9531;21/01/2010;374
9531;20/01/2010;374
9531;19/01/2010;374
9531;18/01/2010;374
9531;15/01/2010;374
9531;14/01/2010;376
9531;13/01/2010;375
9531;12/01/2010;375
9531;11/01/2010;383
9531;08/01/2010;377
9531;07/01/2010;373
9531;06/01/2010;376
9531;05/01/2010;373
9531;04/01/2010;371
9531;31/12/2009;371
9531;30/12/2009;375
9531;29/12/2009;374
9531;28/12/2009;369
9531;25/12/2009;366
9531;24/12/2009;362
9531;23/12/2009;359
9531;22/12/2009;358
9531;21/12/2009;359
9531;18/12/2009;361
9531;17/12/2009;367
9531;16/12/2009;369
9531;15/12/2009;363
9531;14/12/2009;365
9531;11/12/2009;365
9531;10/12/2009;368
9531;09/12/2009;367
9531;08/12/2009;363
9531;07/12/2009;362
9531;04/12/2009;362
9531;03/12/2009;361
9531;02/12/2009;358
9531;01/12/2009;356
9531;30/11/2009;345
9531;27/11/2009;348
9531;26/11/2009;349
9531;25/11/2009;343
9531;24/11/2009;341
9531;23/11/2009;334
9531;20/11/2009;345
9531;19/11/2009;343
9531;18/11/2009;345
9531;17/11/2009;340
9531;16/11/2009;336
9531;13/11/2009;337
9531;12/11/2009;338
9531;11/11/2009;340
9531;10/11/2009;340
9531;09/11/2009;353
9531;06/11/2009;352
9531;05/11/2009;358
9531;04/11/2009;359
9531;03/11/2009;362
9531;02/11/2009;359
9531;30/10/2009;364
9531;29/10/2009;360
9531;28/10/2009;355
9531;27/10/2009;357
9531;26/10/2009;356
9531;23/10/2009;359
9531;22/10/2009;366
9531;21/10/2009;367
9531;20/10/2009;368
9531;19/10/2009;368
9531;16/10/2009;369
9531;15/10/2009;364
9531;14/10/2009;367
9531;13/10/2009;366
9531;12/10/2009;366
9531;09/10/2009;368
9531;08/10/2009;375
9531;07/10/2009;371
9531;06/10/2009;374
9531;05/10/2009;374
9531;02/10/2009;373
9531;01/10/2009;373
9531;30/09/2009;369
9531;29/09/2009;367
9531;28/09/2009;369
9531;25/09/2009;375
9531;24/09/2009;370
9531;23/09/2009;370
9531;22/09/2009;370
9531;21/09/2009;370
9531;18/09/2009;370
9531;17/09/2009;370
9531;16/09/2009;378
9531;15/09/2009;374
9531;14/09/2009;368
9531;11/09/2009;370
9531;10/09/2009;366
9531;09/09/2009;365
9531;08/09/2009;324
9531;07/09/2009;369
9531;04/09/2009;369
9531;03/09/2009;368
9531;02/09/2009;369
9531;01/09/2009;373
9531;31/08/2009;324
9531;28/08/2009;318
9531;27/08/2009;358
9531;26/08/2009;353
9531;25/08/2009;352
9531;24/08/2009;318
9531;21/08/2009;347
9531;20/08/2009;346
9531;19/08/2009;349
9531;18/08/2009;350
9531;17/08/2009;355
9531;14/08/2009;353
9531;13/08/2009;352
9531;12/08/2009;356
9531;11/08/2009;357
9531;10/08/2009;358
9531;07/08/2009;322
9531;06/08/2009;355
9531;05/08/2009;351
9531;04/08/2009;348
9531;03/08/2009;347
9531;31/07/2009;349
9531;30/07/2009;353
9531;29/07/2009;353
9531;28/07/2009;350
9531;27/07/2009;352
9531;24/07/2009;351
9531;23/07/2009;353
9531;22/07/2009;350
9531;21/07/2009;349
9531;20/07/2009;349
9531;17/07/2009;320
9531;16/07/2009;342
9531;15/07/2009;349
9531;14/07/2009;347
9531;13/07/2009;355
9531;10/07/2009;354
9531;09/07/2009;353
9531;08/07/2009;355
9531;07/07/2009;352
9531;06/07/2009;349
9531;03/07/2009;347
9531;02/07/2009;343
9531;01/07/2009;320
9531;30/06/2009;337
9531;29/06/2009;346
9531;26/06/2009;344
9531;25/06/2009;342
9531;24/06/2009;345
9531;23/06/2009;320
9531;22/06/2009;351
9531;19/06/2009;347
9531;18/06/2009;347
9531;17/06/2009;351
9531;16/06/2009;353
9531;15/06/2009;345
9531;12/06/2009;343
9531;11/06/2009;346
9531;10/06/2009;343
9531;09/06/2009;349
9531;08/06/2009;346
9531;05/06/2009;348
9531;04/06/2009;346
9531;03/06/2009;346
9531;02/06/2009;349
9531;01/06/2009;349
9531;29/05/2009;350
9531;28/05/2009;353
9531;27/05/2009;354
9531;26/05/2009;352
9531;25/05/2009;352
9531;22/05/2009;356
9531;21/05/2009;351
9531;20/05/2009;356
9531;19/05/2009;349
9531;18/05/2009;355
9531;15/05/2009;357
9531;14/05/2009;362
9531;13/05/2009;356
9531;12/05/2009;361
9531;11/05/2009;364
9531;08/05/2009;361
9531;07/05/2009;363
9531;06/05/2009;363
9531;05/05/2009;363
9531;04/05/2009;363
9531;01/05/2009;321
9531;30/04/2009;321
9531;29/04/2009;358
9531;28/04/2009;321
9531;27/04/2009;358
9531;24/04/2009;310
9531;23/04/2009;351
9531;22/04/2009;310
9531;21/04/2009;353
9531;20/04/2009;310
9531;17/04/2009;349
9531;16/04/2009;353
9531;15/04/2009;345
9531;14/04/2009;341
9531;13/04/2009;346
9531;10/04/2009;346
9531;09/04/2009;351
9531;08/04/2009;349
9531;07/04/2009;342
9531;06/04/2009;306
9531;03/04/2009;329
9531;02/04/2009;349
9531;01/04/2009;329
9531;31/03/2009;360
9531;30/03/2009;369
9531;27/03/2009;371
9531;26/03/2009;365
9531;25/03/2009;359
9531;24/03/2009;318
9531;23/03/2009;353
9531;20/03/2009;353
9531;19/03/2009;310
9531;18/03/2009;310
9531;17/03/2009;339
9531;16/03/2009;336
9531;13/03/2009;336
9531;12/03/2009;333
9531;11/03/2009;343
9531;10/03/2009;333
9531;09/03/2009;333
9531;06/03/2009;358
9531;05/03/2009;360
9531;04/03/2009;363
9531;03/03/2009;333
9531;02/03/2009;394
9531;27/02/2009;382
9531;26/02/2009;384
9531;25/02/2009;386
9531;24/02/2009;395
9531;23/02/2009;392
9531;20/02/2009;393
9531;19/02/2009;394
9531;18/02/2009;396
9531;17/02/2009;397
9531;16/02/2009;400
9531;13/02/2009;389
9531;12/02/2009;382
9531;11/02/2009;382
9531;10/02/2009;382
9531;09/02/2009;393
9531;06/02/2009;397
9531;05/02/2009;407
9531;04/02/2009;412
9531;03/02/2009;422
9531;02/02/2009;419
9531;30/01/2009;418
9531;29/01/2009;426
9531;28/01/2009;440
9531;27/01/2009;440
9531;26/01/2009;426
9531;23/01/2009;434
9531;22/01/2009;412
9531;21/01/2009;422
9531;20/01/2009;427
9531;19/01/2009;422
9531;16/01/2009;402
9531;15/01/2009;407
9531;14/01/2009;400
9531;13/01/2009;413
9531;12/01/2009;412
9531;09/01/2009;417
9531;08/01/2009;410
9531;07/01/2009;437
9531;06/01/2009;443
9531;05/01/2009;455
9531;02/01/2009;455
9531;01/01/2009;455
9531;31/12/2008;455
9531;30/12/2008;451
9531;29/12/2008;444
9531;26/12/2008;441
9531;25/12/2008;451
9531;24/12/2008;464
9531;23/12/2008;447
9531;22/12/2008;443
9531;19/12/2008;449
9531;18/12/2008;448
9531;17/12/2008;355
9531;16/12/2008;377
9531;15/12/2008;457
9531;12/12/2008;375
9531;11/12/2008;400
9531;10/12/2008;414
9531;09/12/2008;414
9531;08/12/2008;492
9531;05/12/2008;477
9531;04/12/2008;473
9531;03/12/2008;455
9531;02/12/2008;437
9531;01/12/2008;430
9531;28/11/2008;463
9531;27/11/2008;459
9531;26/11/2008;465
9531;25/11/2008;454
9531;24/11/2008;454
9531;21/11/2008;461
9531;20/11/2008;451
9531;19/11/2008;434
9531;18/11/2008;432
9531;17/11/2008;417
9531;14/11/2008;413
9531;13/11/2008;420
9531;12/11/2008;428
9531;11/11/2008;441
9531;10/11/2008;428
9531;07/11/2008;435
9531;06/11/2008;438
9531;05/11/2008;445
9531;04/11/2008;421
9531;03/11/2008;420
9531;31/10/2008;425
9531;30/10/2008;436
9531;29/10/2008;410
9531;28/10/2008;378
9531;27/10/2008;411
9531;24/10/2008;422
9531;23/10/2008;413
9531;22/10/2008;441
9531;21/10/2008;425
9531;20/10/2008;398
9531;17/10/2008;376
9531;16/10/2008;391
9531;15/10/2008;363
9531;14/10/2008;342
9531;13/10/2008;342
9531;10/10/2008;376
9531;09/10/2008;382
9531;08/10/2008;397
9531;07/10/2008;412
9531;06/10/2008;428
9531;03/10/2008;451
9531;02/10/2008;449
9531;01/10/2008;437
9531;30/09/2008;438
9531;29/09/2008;424
9531;26/09/2008;423
9531;25/09/2008;419
9531;24/09/2008;416
9531;23/09/2008;416
9531;22/09/2008;434
9531;19/09/2008;431
9531;18/09/2008;442
9531;17/09/2008;440
9531;16/09/2008;449
9531;15/09/2008;449
9531;12/09/2008;456
9531;11/09/2008;464
9531;10/09/2008;467
9531;09/09/2008;461
9531;08/09/2008;471
9531;05/09/2008;474
9531;04/09/2008;476
9531;03/09/2008;451
9531;02/09/2008;451
9531;01/09/2008;457
9531;29/08/2008;445
9531;28/08/2008;456
9531;27/08/2008;452
9531;26/08/2008;454
9531;25/08/2008;451
9531;22/08/2008;449
9531;21/08/2008;448
9531;20/08/2008;459
9531;19/08/2008;458
9531;18/08/2008;450
9531;15/08/2008;451
9531;14/08/2008;461
9531;13/08/2008;464
9531;12/08/2008;470
9531;11/08/2008;463
9531;08/08/2008;449
9531;07/08/2008;459,505
9531;06/08/2008;466
9531;05/08/2008;458
9531;04/08/2008;438
9531;01/08/2008;436
9531;31/07/2008;422
9531;30/07/2008;405
9531;29/07/2008;424
9531;28/07/2008;414
9531;25/07/2008;421
9531;24/07/2008;412
9531;23/07/2008;408
9531;22/07/2008;407
9531;21/07/2008;407
9531;18/07/2008;406
9531;17/07/2008;407
9531;16/07/2008;406
9531;15/07/2008;407
9531;14/07/2008;417
9531;11/07/2008;427
9531;10/07/2008;422
9531;09/07/2008;427
9531;08/07/2008;426
9531;07/07/2008;422
9531;04/07/2008;421
9531;03/07/2008;436
9531;02/07/2008;434
9531;01/07/2008;420
9531;30/06/2008;426
9531;27/06/2008;410
9531;26/06/2008;413
9531;25/06/2008;417
9531;24/06/2008;412
9531;23/06/2008;412
9531;20/06/2008;423
9531;19/06/2008;434
9531;18/06/2008;426
9531;17/06/2008;419
9531;16/06/2008;417
9531;13/06/2008;425
9531;12/06/2008;422
9531;11/06/2008;417
9531;10/06/2008;416
9531;09/06/2008;419
9531;06/06/2008;410
9531;05/06/2008;401
9531;04/06/2008;392
9531;03/06/2008;400
9531;02/06/2008;401
9531;30/05/2008;385
9531;29/05/2008;378
9531;28/05/2008;382
9531;27/05/2008;381
9531;26/05/2008;392
9531;23/05/2008;391
9531;22/05/2008;401
9531;21/05/2008;405
9531;20/05/2008;409
9531;19/05/2008;410
9531;16/05/2008;416
9531;15/05/2008;410
9531;14/05/2008;397
9531;13/05/2008;392
9531;12/05/2008;398
9531;09/05/2008;400
9531;08/05/2008;402
9531;07/05/2008;401
9531;06/05/2008;397
9531;05/05/2008;397
9531;02/05/2008;394
9531;01/05/2008;395
9531;30/04/2008;402
9531;29/04/2008;402
9531;28/04/2008;403
9531;25/04/2008;395
9531;24/04/2008;400
9531;23/04/2008;408
9531;22/04/2008;415
9531;21/04/2008;412
9531;18/04/2008;405
9531;17/04/2008;398
9531;16/04/2008;398
9531;15/04/2008;407
9531;14/04/2008;409
9531;11/04/2008;416
9531;10/04/2008;414
9531;09/04/2008;429
9531;08/04/2008;432
9531;07/04/2008;430
9531;04/04/2008;437
9531;03/04/2008;435
9531;02/04/2008;412
9531;01/04/2008;403
9531;31/03/2008;420
9531;28/03/2008;419
9531;27/03/2008;417
9531;26/03/2008;417
9531;25/03/2008;417
9531;24/03/2008;419,782
9531;21/03/2008;393
9531;20/03/2008;393
9531;19/03/2008;390,27
9531;18/03/2008;379
9531;17/03/2008;398
9531;14/03/2008;400
9531;13/03/2008;400
9531;12/03/2008;400
9531;11/03/2008;423
9531;10/03/2008;434
9531;07/03/2008;431
9531;06/03/2008;445,754
9531;05/03/2008;452
9531;04/03/2008;466,837
9531;03/03/2008;462
9531;29/02/2008;471
9531;28/02/2008;476
9531;27/02/2008;466
9531;26/02/2008;482
9531;25/02/2008;482
9531;22/02/2008;486
9531;21/02/2008;485
9531;20/02/2008;496
9531;19/02/2008;501
9531;18/02/2008;503
9531;15/02/2008;504
9531;14/02/2008;494
9531;13/02/2008;489
9531;12/02/2008;471
9531;11/02/2008;471
9531;08/02/2008;479
9531;07/02/2008;466
9531;06/02/2008;475
9531;05/02/2008;494
9531;04/02/2008;499
9531;01/02/2008;496
9531;31/01/2008;480
9531;30/01/2008;501,102
9531;29/01/2008;488
9531;28/01/2008;489
9531;25/01/2008;465
9531;24/01/2008;467
9531;23/01/2008;466
9531;22/01/2008;472
9531;21/01/2008;499
9531;18/01/2008;506
9531;17/01/2008;502
9531;16/01/2008;499
9531;15/01/2008;489
9531;14/01/2008;489
9531;11/01/2008;501
9531;10/01/2008;507
9531;09/01/2008;503
9531;08/01/2008;496
9531;07/01/2008;501
9531;04/01/2008;490
9531;03/01/2008;523
9531;02/01/2008;523
9531;01/01/2008;523
9531;31/12/2007;523
9531;28/12/2007;531
9531;27/12/2007;535
9531;26/12/2007;532
9531;25/12/2007;533
9531;24/12/2007;533
9531;21/12/2007;546
9531;20/12/2007;542
9531;19/12/2007;536
9531;18/12/2007;540
9531;17/12/2007;541
9531;14/12/2007;555
9531;13/12/2007;563
9531;12/12/2007;564
9531;11/12/2007;577
9531;10/12/2007;565,101
9531;07/12/2007;570
9531;06/12/2007;559
9531;05/12/2007;560
9531;04/12/2007;551
9531;03/12/2007;552
9531;30/11/2007;549
9531;29/11/2007;544
9531;28/11/2007;537
9531;27/11/2007;523
9531;26/11/2007;512
9531;23/11/2007;512
9531;22/11/2007;511
9531;21/11/2007;507
9531;20/11/2007;509
9531;19/11/2007;506
9531;16/11/2007;505
9531;15/11/2007;508
9531;14/11/2007;481
9531;13/11/2007;496
9531;12/11/2007;496
9531;09/11/2007;506
9531;08/11/2007;512
9531;07/11/2007;501
9531;06/11/2007;516
9531;05/11/2007;520
9531;02/11/2007;512
9531;01/11/2007;511
9531;31/10/2007;506
9531;30/10/2007;509
9531;29/10/2007;508
9531;26/10/2007;499
9531;25/10/2007;502
9531;24/10/2007;511
9531;23/10/2007;520
9531;22/10/2007;510
9531;19/10/2007;526
9531;18/10/2007;527
9531;17/10/2007;531
9531;16/10/2007;536
9531;15/10/2007;537
9531;12/10/2007;533
9531;11/10/2007;534
9531;10/10/2007;532
9531;09/10/2007;528
9531;08/10/2007;528
9531;05/10/2007;531
9531;04/10/2007;535
9531;03/10/2007;543
9531;02/10/2007;531
9531;01/10/2007;535
9531;28/09/2007;526
9531;27/09/2007;527
9531;26/09/2007;527
9531;25/09/2007;529
9531;24/09/2007;533
9531;21/09/2007;542
9531;20/09/2007;556
9531;19/09/2007;558
9531;18/09/2007;551
9531;17/09/2007;559
9531;14/09/2007;556
9531;13/09/2007;558
9531;12/09/2007;551
9531;11/09/2007;559
9531;10/09/2007;564
9531;07/09/2007;566
9531;06/09/2007;572
9531;05/09/2007;583
9531;04/09/2007;565
9531;03/09/2007;576
9531;31/08/2007;578
9531;30/08/2007;575
9531;29/08/2007;555
9531;28/08/2007;578
9531;27/08/2007;582
9531;24/08/2007;564
9531;23/08/2007;564
9531;22/08/2007;554
9531;21/08/2007;550
9531;20/08/2007;571
9531;17/08/2007;571
9531;16/08/2007;539
9531;15/08/2007;540
9531;14/08/2007;530
9531;13/08/2007;553
9531;10/08/2007;562
9531;09/08/2007;560
9531;08/08/2007;527
9531;07/08/2007;529
9531;06/08/2007;523
9531;03/08/2007;526
9531;02/08/2007;523
9531;01/08/2007;519
9531;31/07/2007;520
9531;30/07/2007;525
9531;27/07/2007;539
9531;26/07/2007;561
9531;25/07/2007;570
9531;24/07/2007;566
9531;23/07/2007;566
9531;20/07/2007;575
9531;19/07/2007;560
9531;18/07/2007;566
9531;17/07/2007;571
9531;16/07/2007;569
9531;13/07/2007;565
9531;12/07/2007;564
9531;11/07/2007;569
9531;10/07/2007;570
9531;09/07/2007;573
9531;06/07/2007;582
9531;05/07/2007;583
9531;04/07/2007;582
9531;03/07/2007;577
9531;02/07/2007;584
9531;29/06/2007;570
9531;28/06/2007;570
9531;27/06/2007;581
9531;26/06/2007;579
9531;25/06/2007;582
9531;22/06/2007;591
9531;21/06/2007;595
9531;20/06/2007;595
9531;19/06/2007;599
9531;18/06/2007;603
9531;15/06/2007;604
9531;14/06/2007;597
9531;13/06/2007;596
9531;12/06/2007;605
9531;11/06/2007;615
9531;08/06/2007;580
9531;07/06/2007;604
9531;06/06/2007;608
9531;05/06/2007;612
9531;04/06/2007;610
9531;01/06/2007;603
9531;31/05/2007;596
9531;30/05/2007;589
9531;29/05/2007;586
9531;28/05/2007;584
9531;25/05/2007;660
9531;24/05/2007;592
9531;23/05/2007;591
9531;22/05/2007;595
9531;21/05/2007;593
9531;18/05/2007;598
9531;17/05/2007;602
9531;16/05/2007;603
9531;15/05/2007;604
9531;14/05/2007;660
9531;11/05/2007;660
9531;10/05/2007;600
9531;09/05/2007;607
9531;08/05/2007;608
9531;07/05/2007;606,812
9531;04/05/2007;534
9531;03/05/2007;594
9531;02/05/2007;593
9531;01/05/2007;634
9531;30/04/2007;604
9531;27/04/2007;619
9531;26/04/2007;637
9531;25/04/2007;640
9531;24/04/2007;645
9531;23/04/2007;637
9531;20/04/2007;640
9531;19/04/2007;645
9531;18/04/2007;659
9531;17/04/2007;657
9531;16/04/2007;645
9531;13/04/2007;654
9531;12/04/2007;665
9531;11/04/2007;652
9531;10/04/2007;655
9531;09/04/2007;654
9531;06/04/2007;657
9531;05/04/2007;673
9531;04/04/2007;669
9531;03/04/2007;659
9531;02/04/2007;657
9531;30/03/2007;668
9531;29/03/2007;671
9531;28/03/2007;680
9531;27/03/2007;678
9531;26/03/2007;692
9531;23/03/2007;687
9531;22/03/2007;680
9531;21/03/2007;680
9531;20/03/2007;685
9531;19/03/2007;661
9531;16/03/2007;655
9531;15/03/2007;655
9531;14/03/2007;661
9531;13/03/2007;676
9531;12/03/2007;642
9531;09/03/2007;675
9531;08/03/2007;645
9531;07/03/2007;648
9531;06/03/2007;646
9531;05/03/2007;646
9531;02/03/2007;662
9531;01/03/2007;665
9531;28/02/2007;651
9531;27/02/2007;683
9531;26/02/2007;667
9531;23/02/2007;665
9531;22/02/2007;670
9531;21/02/2007;675
9531;20/02/2007;667
9531;19/02/2007;680
9531;16/02/2007;681
9531;15/02/2007;675
9531;14/02/2007;670
9531;13/02/2007;657
9531;12/02/2007;680
9531;09/02/2007;671
9531;08/02/2007;672
9531;07/02/2007;674
9531;06/02/2007;633
9531;05/02/2007;642
9531;02/02/2007;637
9531;01/02/2007;623
9531;31/01/2007;637
9531;30/01/2007;635
9531;29/01/2007;645
9531;26/01/2007;635
9531;25/01/2007;648
9531;24/01/2007;649
9531;23/01/2007;642
9531;22/01/2007;631
9531;19/01/2007;633
9531;18/01/2007;631
9531;17/01/2007;632
9531;16/01/2007;638
9531;15/01/2007;632
9531;12/01/2007;623
9531;11/01/2007;621
9531;10/01/2007;631
9531;09/01/2007;621
9531;08/01/2007;639
9531;05/01/2007;648
9531;04/01/2007;646
9531;03/01/2007;646
9531;02/01/2007;633
9531;01/01/2007;633
9531;29/12/2006;634
9531;28/12/2006;635
9531;27/12/2006;637
9531;26/12/2006;633
9531;25/12/2006;632
9531;22/12/2006;625
9531;21/12/2006;623
9531;20/12/2006;615
9531;19/12/2006;619
9531;18/12/2006;620
9531;15/12/2006;613
9531;14/12/2006;605
9531;13/12/2006;609
9531;12/12/2006;606
9531;11/12/2006;592
9531;08/12/2006;598
9531;07/12/2006;596
9531;06/12/2006;586
9531;05/12/2006;576
9531;04/12/2006;572
9531;01/12/2006;574
9531;30/11/2006;573
9531;29/11/2006;576
9531;28/11/2006;574
9531;27/11/2006;571
9531;24/11/2006;578
9531;23/11/2006;581
9531;22/11/2006;574
9531;21/11/2006;592
9531;20/11/2006;564
9531;17/11/2006;586
9531;16/11/2006;592
9531;15/11/2006;590
9531;14/11/2006;598
9531;13/11/2006;587
9531;10/11/2006;591
9531;09/11/2006;590
9531;08/11/2006;583
9531;07/11/2006;595
9531;06/11/2006;580
9531;03/11/2006;589
9531;02/11/2006;592
9531;01/11/2006;608
9531;31/10/2006;598
9531;30/10/2006;605
9531;27/10/2006;611
9531;26/10/2006;617
9531;25/10/2006;617
9531;24/10/2006;625
9531;23/10/2006;618
9531;20/10/2006;606
9531;19/10/2006;626
9531;18/10/2006;626
9531;17/10/2006;626
9531;16/10/2006;620
9531;13/10/2006;620
9531;12/10/2006;633
9531;11/10/2006;628
9531;10/10/2006;610
9531;09/10/2006;603
9531;06/10/2006;605
9531;05/10/2006;598
9531;04/10/2006;594
9531;03/10/2006;597
9531;02/10/2006;582
9531;29/09/2006;593
9531;28/09/2006;599
9531;27/09/2006;573
9531;26/09/2006;582
9531;25/09/2006;583
9531;22/09/2006;598
9531;21/09/2006;598
9531;20/09/2006;597
9531;19/09/2006;593
9531;18/09/2006;602
9531;15/09/2006;608
9531;14/09/2006;612
9531;13/09/2006;606
9531;12/09/2006;602
9531;11/09/2006;607
9531;08/09/2006;607
9531;07/09/2006;609
9531;06/09/2006;623
9531;05/09/2006;627
9531;04/09/2006;623
9531;01/09/2006;621
9531;31/08/2006;617
9531;30/08/2006;611
9531;29/08/2006;604
9531;28/08/2006;600
9531;25/08/2006;591
9531;24/08/2006;590
9531;23/08/2006;603
9531;22/08/2006;609
9531;21/08/2006;611
9531;18/08/2006;608
9531;17/08/2006;598
9531;16/08/2006;595
9531;15/08/2006;599
9531;14/08/2006;590
9531;11/08/2006;599
9531;10/08/2006;595
9531;09/08/2006;595
9531;08/08/2006;586
9531;07/08/2006;585
9531;04/08/2006;578
9531;03/08/2006;581
9531;02/08/2006;584
9531;01/08/2006;575
9531;31/07/2006;574
9531;28/07/2006;554
9531;27/07/2006;550
9531;26/07/2006;556
9531;25/07/2006;552
9531;24/07/2006;560
9531;21/07/2006;543
9531;20/07/2006;560
9531;19/07/2006;524
9531;18/07/2006;560
9531;17/07/2006;545
9531;14/07/2006;551
9531;13/07/2006;555
9531;12/07/2006;554
9531;11/07/2006;557
9531;10/07/2006;553
9531;07/07/2006;557
9531;06/07/2006;545
9531;05/07/2006;539
9531;04/07/2006;544
9531;03/07/2006;540
9531;30/06/2006;541
9531;29/06/2006;528
9531;28/06/2006;560
9531;27/06/2006;560
9531;26/06/2006;524
9531;23/06/2006;512
9531;22/06/2006;560
9531;21/06/2006;560
9531;20/06/2006;560
9531;19/06/2006;560
9531;16/06/2006;510
9531;15/06/2006;495
9531;14/06/2006;485
9531;13/06/2006;503
9531;12/06/2006;524
9531;09/06/2006;515
9531;08/06/2006;521
9531;07/06/2006;546
9531;06/06/2006;552
9531;05/06/2006;566
9531;02/06/2006;560
9531;01/06/2006;558
9531;31/05/2006;570
9531;30/05/2006;570
9531;29/05/2006;565
9531;26/05/2006;567
9531;25/05/2006;565
9531;24/05/2006;574
9531;23/05/2006;565
9531;22/05/2006;580
9531;19/05/2006;577
9531;18/05/2006;579
9531;17/05/2006;575
9531;16/05/2006;585
9531;15/05/2006;572
9531;12/05/2006;589
9531;11/05/2006;591
9531;10/05/2006;605
9531;09/05/2006;589
9531;08/05/2006;589
9531;05/05/2006;578
9531;04/05/2006;578
9531;03/05/2006;578
9531;02/05/2006;568
9531;01/05/2006;547
9531;28/04/2006;550
9531;27/04/2006;550
9531;26/04/2006;550
9531;25/04/2006;540
9531;24/04/2006;546
9531;21/04/2006;550
9531;20/04/2006;545
9531;19/04/2006;542
9531;18/04/2006;537
9531;17/04/2006;537
9531;14/04/2006;547
9531;13/04/2006;539
9531;12/04/2006;538
9531;11/04/2006;538
9531;10/04/2006;535
9531;07/04/2006;539
9531;06/04/2006;534
9531;05/04/2006;532
9531;04/04/2006;530
9531;03/04/2006;525
9531;31/03/2006;521
9531;30/03/2006;518
9531;29/03/2006;523
9531;28/03/2006;520
9531;27/03/2006;535
9531;24/03/2006;523
9531;23/03/2006;527
9531;22/03/2006;520
9531;21/03/2006;513
9531;20/03/2006;510
9531;17/03/2006;511
9531;16/03/2006;518
9531;15/03/2006;514
9531;14/03/2006;519
9531;13/03/2006;505
9531;10/03/2006;513
9531;09/03/2006;526
9531;08/03/2006;527
9531;07/03/2006;535
9531;06/03/2006;533
9531;03/03/2006;531
9531;02/03/2006;533
9531;01/03/2006;528
9531;28/02/2006;531
9531;27/02/2006;527
9531;24/02/2006;527
9531;23/02/2006;517
9531;22/02/2006;517
9531;21/02/2006;514
9531;20/02/2006;514
9531;17/02/2006;507
9531;16/02/2006;506
9531;15/02/2006;502
9531;14/02/2006;504
9531;13/02/2006;505
9531;10/02/2006;506
9531;09/02/2006;505
9531;08/02/2006;515
9531;07/02/2006;525
9531;06/02/2006;511
9531;03/02/2006;512
9531;02/02/2006;519
9531;01/02/2006;531
9531;31/01/2006;537
9531;30/01/2006;539
9531;27/01/2006;531
9531;26/01/2006;528
9531;25/01/2006;528
9531;24/01/2006;525
9531;23/01/2006;539
9531;20/01/2006;540
9531;19/01/2006;520
9531;18/01/2006;524
9531;17/01/2006;537
9531;16/01/2006;535
9531;13/01/2006;539
9531;12/01/2006;531
9531;11/01/2006;523
9531;10/01/2006;543
9531;09/01/2006;533
9531;06/01/2006;544
9531;05/01/2006;530
9531;04/01/2006;524
9531;03/01/2006;524
9531;02/01/2006;524
9531;30/12/2005;528
9531;29/12/2005;518
9531;28/12/2005;516
9531;27/12/2005;522
9531;26/12/2005;515
9531;23/12/2005;515
9531;22/12/2005;519
9531;21/12/2005;530
9531;20/12/2005;512
9531;19/12/2005;509
9531;16/12/2005;499
9531;15/12/2005;517
9531;14/12/2005;520
9531;13/12/2005;508
9531;12/12/2005;498
9531;09/12/2005;500
9531;08/12/2005;498
9531;07/12/2005;503
9531;06/12/2005;499
9531;05/12/2005;489
9531;02/12/2005;494
9531;01/12/2005;492
9531;30/11/2005;482
9531;29/11/2005;485
9531;28/11/2005;483
9531;25/11/2005;481
9531;24/11/2005;480
9531;23/11/2005;480
9531;22/11/2005;485
9531;21/11/2005;483
9531;18/11/2005;475
9531;17/11/2005;469
9531;16/11/2005;470
9531;15/11/2005;480
9531;14/11/2005;479
9531;11/11/2005;477
9531;10/11/2005;475
9531;09/11/2005;476
9531;08/11/2005;478
9531;07/11/2005;477
9531;04/11/2005;484
9531;03/11/2005;473
9531;02/11/2005;471
9531;01/11/2005;480
9531;31/10/2005;455
9531;28/10/2005;443
9531;27/10/2005;441
9531;26/10/2005;444
9531;25/10/2005;446
9531;24/10/2005;442
9531;21/10/2005;440
9531;20/10/2005;440
9531;19/10/2005;446
9531;18/10/2005;446
9531;17/10/2005;439
9531;14/10/2005;441
9531;13/10/2005;441
9531;12/10/2005;443
9531;11/10/2005;438
9531;10/10/2005;438
9531;07/10/2005;438
9531;06/10/2005;445
9531;05/10/2005;455
9531;04/10/2005;457
9531;03/10/2005;454
9531;30/09/2005;461
9531;29/09/2005;460
9531;28/09/2005;459
9531;27/09/2005;460
9531;26/09/2005;463
9531;23/09/2005;451
9531;22/09/2005;444
9531;21/09/2005;443
9531;20/09/2005;430
9531;19/09/2005;430
9531;16/09/2005;432
9531;15/09/2005;428
9531;14/09/2005;430
9531;13/09/2005;427
9531;12/09/2005;427
9531;09/09/2005;425
9531;08/09/2005;425
9531;07/09/2005;419
9531;06/09/2005;420
9531;05/09/2005;422
9531;02/09/2005;421
9531;01/09/2005;413
9531;31/08/2005;410
9531;30/08/2005;410
9531;29/08/2005;413
9531;26/08/2005;413
9531;25/08/2005;411
9531;24/08/2005;412
9531;23/08/2005;410
9531;22/08/2005;408
9531;19/08/2005;411
9531;18/08/2005;412
9531;17/08/2005;412
9531;16/08/2005;411
9531;15/08/2005;410
9531;12/08/2005;414
9531;11/08/2005;414
9531;10/08/2005;412
9531;09/08/2005;413
9531;08/08/2005;411
9531;05/08/2005;413
9531;04/08/2005;414
9531;03/08/2005;410
9531;02/08/2005;410
9531;01/08/2005;409
9531;29/07/2005;409
9531;28/07/2005;409
9531;27/07/2005;409
9531;26/07/2005;411
9531;25/07/2005;405
9531;22/07/2005;408
9531;21/07/2005;411
9531;20/07/2005;406
9531;19/07/2005;409
9531;18/07/2005;409
9531;15/07/2005;414
9531;14/07/2005;414
9531;13/07/2005;417
9531;12/07/2005;417
9531;11/07/2005;413
9531;08/07/2005;411
9531;07/07/2005;416
9531;06/07/2005;419
9531;05/07/2005;419
9531;04/07/2005;417
9531;01/07/2005;415
9531;30/06/2005;418
9531;29/06/2005;416
9531;28/06/2005;413
9531;27/06/2005;418
9531;24/06/2005;419
9531;23/06/2005;416
9531;22/06/2005;414
9531;21/06/2005;417
9531;20/06/2005;418
9531;17/06/2005;415
9531;16/06/2005;417
9531;15/06/2005;419
9531;14/06/2005;417
9531;13/06/2005;416
9531;10/06/2005;413
9531;09/06/2005;417
9531;08/06/2005;417
9531;07/06/2005;415
9531;06/06/2005;421
9531;03/06/2005;424
9531;02/06/2005;425
9531;01/06/2005;426
9531;31/05/2005;430
9531;30/05/2005;427
9531;27/05/2005;427
9531;26/05/2005;426
9531;25/05/2005;427
9531;24/05/2005;427
9531;23/05/2005;426
9531;20/05/2005;428
9531;19/05/2005;423
9531;18/05/2005;423
9531;17/05/2005;427
9531;16/05/2005;429
9531;13/05/2005;431
9531;12/05/2005;431
9531;11/05/2005;432
9531;10/05/2005;430
9531;09/05/2005;427
9531;06/05/2005;425
9531;05/05/2005;418
9531;04/05/2005;418
9531;03/05/2005;418
9531;02/05/2005;421
9531;29/04/2005;421
9531;28/04/2005;420
9531;27/04/2005;423
9531;26/04/2005;423
9531;25/04/2005;417
9531;22/04/2005;418
9531;21/04/2005;421
9531;20/04/2005;421
9531;19/04/2005;425
9531;18/04/2005;425
9531;15/04/2005;431
9531;14/04/2005;432
9531;13/04/2005;437
9531;12/04/2005;440
9531;11/04/2005;436
9531;08/04/2005;439
9531;07/04/2005;432
9531;06/04/2005;431
9531;05/04/2005;430
9531;04/04/2005;429
9531;01/04/2005;432
9531;31/03/2005;428
9531;30/03/2005;424
9531;29/03/2005;422
9531;28/03/2005;424
9531;25/03/2005;429
9531;24/03/2005;426
9531;23/03/2005;426
9531;22/03/2005;424
9531;21/03/2005;424
9531;18/03/2005;421
9531;17/03/2005;424
9531;16/03/2005;421
9531;15/03/2005;420
9531;14/03/2005;417
9531;11/03/2005;420
9531;10/03/2005;424
9531;09/03/2005;423
9531;08/03/2005;425
9531;07/03/2005;423
9531;04/03/2005;424
9531;03/03/2005;423
9531;02/03/2005;424
9531;01/03/2005;421
9531;28/02/2005;422
9531;25/02/2005;423
9531;24/02/2005;422
9531;23/02/2005;424
9531;22/02/2005;422
9531;21/02/2005;423
9531;18/02/2005;420
9531;17/02/2005;418
9531;16/02/2005;422
9531;15/02/2005;415
9531;14/02/2005;419
9531;11/02/2005;419
9531;10/02/2005;415
9531;09/02/2005;421
9531;08/02/2005;419
9531;07/02/2005;417
9531;04/02/2005;418
9531;03/02/2005;417
9531;02/02/2005;425
9531;01/02/2005;428
9531;31/01/2005;429
9531;28/01/2005;424
9531;27/01/2005;425
9531;26/01/2005;421
9531;25/01/2005;421
9531;24/01/2005;420
9531;21/01/2005;422
9531;20/01/2005;422
9531;19/01/2005;425
9531;18/01/2005;420
9531;17/01/2005;424
9531;14/01/2005;420
9531;13/01/2005;422
9531;12/01/2005;427
9531;11/01/2005;421
9531;10/01/2005;424
9531;07/01/2005;424
9531;06/01/2005;420
9531;05/01/2005;423
9531;04/01/2005;420
9531;03/01/2005;416
9531;31/12/2004;416
9531;30/12/2004;416
9531;29/12/2004;415
9531;28/12/2004;419
9531;27/12/2004;421
9531;24/12/2004;422
9531;23/12/2004;423
9531;22/12/2004;423
9531;21/12/2004;420
9531;20/12/2004;426
9531;17/12/2004;424
9531;16/12/2004;423
9531;15/12/2004;422
9531;14/12/2004;420
9531;13/12/2004;418
9531;10/12/2004;411
9531;09/12/2004;412
9531;08/12/2004;413
9531;07/12/2004;417
9531;06/12/2004;421
9531;03/12/2004;420
9531;02/12/2004;420
9531;01/12/2004;413
9531;30/11/2004;417
9531;29/11/2004;416
9531;26/11/2004;415
9531;25/11/2004;413
9531;24/11/2004;413
9531;23/11/2004;413
9531;22/11/2004;411
9531;19/11/2004;412
9531;18/11/2004;413
9531;17/11/2004;409
9531;16/11/2004;412
9531;15/11/2004;409
9531;12/11/2004;410
9531;11/11/2004;412
9531;10/11/2004;408
9531;09/11/2004;415
9531;08/11/2004;412
9531;05/11/2004;408
9531;04/11/2004;406
9531;03/11/2004;406
9531;02/11/2004;402
9531;01/11/2004;402
9531;29/10/2004;394
9531;28/10/2004;393
9531;27/10/2004;398
9531;26/10/2004;392
9531;25/10/2004;395
9531;22/10/2004;398
9531;21/10/2004;399
9531;20/10/2004;402
9531;19/10/2004;400
9531;18/10/2004;395
9531;15/10/2004;400
9531;14/10/2004;405
9531;13/10/2004;404
9531;12/10/2004;406
9531;11/10/2004;406
9531;08/10/2004;402
9531;07/10/2004;405
9531;06/10/2004;408
9531;05/10/2004;407
9531;04/10/2004;396
9531;01/10/2004;391
9531;30/09/2004;390
9531;29/09/2004;393
9531;28/09/2004;393
9531;27/09/2004;397
9531;24/09/2004;399
9531;23/09/2004;399
9531;22/09/2004;399
9531;21/09/2004;400
9531;20/09/2004;400
9531;17/09/2004;398
9531;16/09/2004;396
9531;15/09/2004;392
9531;14/09/2004;392
9531;13/09/2004;400
9531;10/09/2004;404
9531;09/09/2004;407
9531;08/09/2004;403
9531;07/09/2004;405
9531;06/09/2004;401
9531;03/09/2004;403
9531;02/09/2004;405
9531;01/09/2004;402
9531;31/08/2004;403
9531;30/08/2004;403
9531;27/08/2004;402
9531;26/08/2004;404
9531;25/08/2004;398
9531;24/08/2004;401
9531;23/08/2004;404
9531;20/08/2004;403
9531;19/08/2004;403
9531;18/08/2004;408
9531;17/08/2004;406
9531;16/08/2004;405
9531;13/08/2004;405
9531;12/08/2004;405
9531;11/08/2004;405
9531;10/08/2004;407
9531;09/08/2004;405
9531;06/08/2004;405
9531;05/08/2004;403
9531;04/08/2004;398
9531;03/08/2004;400
9531;02/08/2004;398
9531;30/07/2004;398
9531;29/07/2004;386
9531;28/07/2004;377
9531;27/07/2004;377
9531;26/07/2004;377
9531;23/07/2004;378
9531;22/07/2004;385
9531;21/07/2004;381
9531;20/07/2004;376
9531;19/07/2004;376
9531;16/07/2004;380
9531;15/07/2004;380
9531;14/07/2004;382
9531;13/07/2004;384
9531;12/07/2004;383
9531;09/07/2004;383
9531;08/07/2004;389
9531;07/07/2004;383
9531;06/07/2004;384
9531;05/07/2004;387
9531;02/07/2004;390
9531;01/07/2004;387
9531;30/06/2004;388
9531;29/06/2004;391
9531;28/06/2004;395
9531;25/06/2004;392
9531;24/06/2004;394
9531;23/06/2004;397
9531;22/06/2004;396
9531;21/06/2004;396
9531;18/06/2004;391
9531;17/06/2004;389
9531;16/06/2004;387
9531;15/06/2004;387
9531;14/06/2004;385
9531;11/06/2004;384
9531;10/06/2004;388
9531;09/06/2004;392
9531;08/06/2004;395
9531;07/06/2004;389
9531;04/06/2004;388
9531;03/06/2004;389
9531;02/06/2004;393
9531;01/06/2004;390
9531;31/05/2004;389
9531;28/05/2004;393
9531;27/05/2004;390
9531;26/05/2004;388
9531;25/05/2004;392
9531;24/05/2004;389
9531;21/05/2004;385
9531;20/05/2004;390
9531;19/05/2004;391
9531;18/05/2004;396
9531;17/05/2004;400
9531;14/05/2004;400
9531;13/05/2004;402
9531;12/05/2004;402
9531;11/05/2004;410
9531;10/05/2004;406
9531;07/05/2004;408
9531;06/05/2004;409
9531;05/05/2004;409
9531;04/05/2004;409
9531;03/05/2004;409
9531;30/04/2004;407
9531;29/04/2004;407
9531;28/04/2004;403
9531;27/04/2004;407
9531;26/04/2004;406
9531;23/04/2004;403
9531;22/04/2004;405
9531;21/04/2004;407
9531;20/04/2004;407
9531;19/04/2004;402
9531;16/04/2004;399
9531;15/04/2004;393
9531;14/04/2004;393
9531;13/04/2004;393
9531;12/04/2004;396
9531;09/04/2004;395
9531;08/04/2004;392
9531;07/04/2004;395
9531;06/04/2004;398
9531;05/04/2004;397
9531;02/04/2004;399
9531;01/04/2004;394
9531;31/03/2004;391
9531;30/03/2004;388
9531;29/03/2004;391
9531;26/03/2004;388
9531;25/03/2004;392
9531;24/03/2004;397
9531;23/03/2004;398
9531;22/03/2004;399
9531;19/03/2004;402
9531;18/03/2004;399
9531;17/03/2004;398
9531;16/03/2004;396
9531;15/03/2004;397
9531;12/03/2004;400
9531;11/03/2004;404
9531;10/03/2004;406
9531;09/03/2004;401
9531;08/03/2004;405
9531;05/03/2004;402
9531;04/03/2004;404
9531;03/03/2004;409
9531;02/03/2004;405
9531;01/03/2004;406
9531;27/02/2004;404
9531;26/02/2004;399
9531;25/02/2004;393
9531;24/02/2004;396
9531;23/02/2004;395
9531;20/02/2004;400
9531;19/02/2004;401
9531;18/02/2004;397
9531;17/02/2004;398
9531;16/02/2004;402
9531;13/02/2004;404
9531;12/02/2004;408
9531;11/02/2004;408
9531;10/02/2004;406
9531;09/02/2004;410
9531;06/02/2004;414
9531;05/02/2004;413
9531;04/02/2004;415
9531;03/02/2004;412
9531;02/02/2004;413
9531;30/01/2004;414
9531;29/01/2004;413
9531;28/01/2004;409
9531;27/01/2004;409
9531;26/01/2004;404
9531;23/01/2004;405
9531;22/01/2004;397
9531;21/01/2004;398
9531;20/01/2004;401
9531;19/01/2004;398
9531;16/01/2004;395
9531;15/01/2004;396
9531;14/01/2004;399
9531;13/01/2004;398
9531;12/01/2004;398
9531;09/01/2004;397
9531;08/01/2004;388
9531;07/01/2004;388
9531;06/01/2004;386
9531;05/01/2004;382
9531;02/01/2004;382
9531;01/01/2004;382
9531;31/12/2003;382
9531;30/12/2003;384
9531;29/12/2003;387
9531;26/12/2003;387
9531;25/12/2003;391
9531;24/12/2003;388
9531;23/12/2003;388
9531;22/12/2003;391
9531;19/12/2003;389
9531;18/12/2003;391
9531;17/12/2003;390
9531;16/12/2003;392
9531;15/12/2003;392
9531;12/12/2003;388
9531;11/12/2003;381
9531;10/12/2003;382
9531;09/12/2003;377
9531;08/12/2003;376
9531;05/12/2003;371
9531;04/12/2003;367
9531;03/12/2003;371
9531;02/12/2003;375
9531;01/12/2003;375
9531;28/11/2003;372
9531;27/11/2003;372
9531;26/11/2003;364
9531;25/11/2003;373
9531;24/11/2003;373
9531;21/11/2003;371
9531;20/11/2003;367
9531;19/11/2003;368
9531;18/11/2003;378
9531;17/11/2003;382
9531;14/11/2003;375
9531;13/11/2003;374
9531;12/11/2003;378
9531;11/11/2003;380
9531;10/11/2003;376
9531;07/11/2003;377
9531;06/11/2003;380
9531;05/11/2003;376
9531;04/11/2003;377
9531;03/11/2003;377
9531;31/10/2003;376
9531;30/10/2003;370
9531;29/10/2003;366
9531;28/10/2003;364
9531;27/10/2003;360
9531;24/10/2003;362
9531;23/10/2003;366
9531;22/10/2003;371
9531;21/10/2003;370
9531;20/10/2003;366
9531;17/10/2003;365
9531;16/10/2003;372
9531;15/10/2003;373
9531;14/10/2003;376
9531;13/10/2003;376
9531;10/10/2003;374
9531;09/10/2003;370
9531;08/10/2003;376
9531;07/10/2003;373
9531;06/10/2003;374
9531;03/10/2003;378
9531;02/10/2003;377
9531;01/10/2003;371
9531;30/09/2003;375
9531;29/09/2003;373
9531;26/09/2003;369
9531;25/09/2003;368
9531;24/09/2003;374
9531;23/09/2003;374
9531;22/09/2003;371
9531;19/09/2003;373
9531;18/09/2003;372
9531;17/09/2003;362
9531;16/09/2003;361
9531;15/09/2003;361
9531;12/09/2003;356
9531;11/09/2003;356
9531;10/09/2003;354
9531;09/09/2003;356
9531;08/09/2003;359
9531;05/09/2003;359
9531;04/09/2003;365
9531;03/09/2003;354
9531;02/09/2003;354
9531;01/09/2003;355
9531;29/08/2003;356
9531;28/08/2003;355
9531;27/08/2003;356
9531;26/08/2003;356
9531;25/08/2003;356
9531;22/08/2003;352
9531;21/08/2003;350
9531;20/08/2003;348
9531;19/08/2003;356
9531;18/08/2003;354
9531;15/08/2003;353
9531;14/08/2003;357
9531;13/08/2003;357
9531;12/08/2003;360
9531;11/08/2003;362
9531;08/08/2003;359
9531;07/08/2003;359
9531;06/08/2003;361
9531;05/08/2003;356
9531;04/08/2003;354
9531;01/08/2003;354
9531;31/07/2003;351
9531;30/07/2003;346
9531;29/07/2003;346
9531;28/07/2003;351
9531;25/07/2003;347
9531;24/07/2003;351
9531;23/07/2003;350
9531;22/07/2003;348
9531;21/07/2003;348
9531;18/07/2003;345
9531;17/07/2003;336
9531;16/07/2003;336
9531;15/07/2003;344
9531;14/07/2003;343
9531;11/07/2003;346
9531;10/07/2003;345
9531;09/07/2003;337
9531;08/07/2003;336
9531;07/07/2003;344
9531;04/07/2003;346
9531;03/07/2003;346
9531;02/07/2003;345
9531;01/07/2003;345
9531;30/06/2003;348
9531;27/06/2003;352
9531;26/06/2003;353
9531;25/06/2003;358
9531;24/06/2003;358
9531;23/06/2003;355
9531;20/06/2003;356
9531;19/06/2003;366
9531;18/06/2003;366
9531;17/06/2003;365
9531;16/06/2003;362
9531;13/06/2003;359
9531;12/06/2003;360
9531;11/06/2003;364
9531;10/06/2003;361
9531;09/06/2003;355
9531;06/06/2003;361
9531;05/06/2003;358
9531;04/06/2003;362
9531;03/06/2003;365
9531;02/06/2003;365
9531;30/05/2003;377
9531;29/05/2003;382
9531;28/05/2003;380
9531;27/05/2003;385
9531;26/05/2003;389
9531;23/05/2003;391
9531;22/05/2003;393
9531;21/05/2003;391
9531;20/05/2003;390
9531;19/05/2003;385
9531;16/05/2003;382
9531;15/05/2003;381
9531;14/05/2003;378
9531;13/05/2003;378
9531;12/05/2003;372
9531;09/05/2003;379
9531;08/05/2003;377
9531;07/05/2003;371
9531;06/05/2003;378
9531;05/05/2003;378
9531;02/05/2003;380
9531;01/05/2003;382
9531;30/04/2003;390
9531;29/04/2003;390
9531;28/04/2003;389
9531;25/04/2003;387
9531;24/04/2003;387
9531;23/04/2003;384
9531;22/04/2003;385
9531;21/04/2003;387
9531;18/04/2003;383
9531;17/04/2003;384
9531;16/04/2003;382
9531;15/04/2003;386
9531;14/04/2003;387
9531;11/04/2003;388
9531;10/04/2003;379
9531;09/04/2003;378
9531;08/04/2003;370
9531;07/04/2003;370
9531;04/04/2003;373
9531;03/04/2003;374
9531;02/04/2003;370
9531;01/04/2003;368
9531;31/03/2003;373
9531;28/03/2003;364
9531;27/03/2003;360
9531;26/03/2003;358
9531;25/03/2003;360
9531;24/03/2003;358
9531;21/03/2003;358
9531;20/03/2003;362
9531;19/03/2003;356
9531;18/03/2003;359
9531;17/03/2003;351
9531;14/03/2003;349
9531;13/03/2003;350
9531;12/03/2003;350
9531;11/03/2003;353
9531;10/03/2003;352
9531;07/03/2003;358
9531;06/03/2003;358
9531;05/03/2003;362
9531;04/03/2003;357
9531;03/03/2003;358
9531;28/02/2003;363
9531;27/02/2003;357
9531;26/02/2003;359
9531;25/02/2003;364
9531;24/02/2003;362
9531;21/02/2003;362
9531;20/02/2003;357
9531;19/02/2003;359
9531;18/02/2003;357
9531;17/02/2003;354
9531;14/02/2003;353
9531;13/02/2003;354
9531;12/02/2003;355
9531;11/02/2003;355
9531;10/02/2003;361
9531;07/02/2003;359
9531;06/02/2003;361
9531;05/02/2003;358
9531;04/02/2003;356
9531;03/02/2003;353
9531;31/01/2003;359
9531;30/01/2003;360
9531;29/01/2003;364
9531;28/01/2003;359
9531;27/01/2003;362
9531;24/01/2003;368
9531;23/01/2003;363
9531;22/01/2003;367
9531;21/01/2003;369
9531;20/01/2003;365
9531;17/01/2003;368
9531;16/01/2003;376
9531;15/01/2003;382
9531;14/01/2003;376
9531;13/01/2003;376
9531;10/01/2003;382
9531;09/01/2003;377
9531;08/01/2003;379
9531;07/01/2003;378
9531;06/01/2003;378
9531;03/01/2003;372
9531;02/01/2003;372
9531;01/01/2003;372
9531;31/12/2002;372
9531;30/12/2002;366
9531;27/12/2002;368
9531;26/12/2002;364
9531;25/12/2002;362
9531;24/12/2002;364
9531;23/12/2002;364
9531;20/12/2002;362
9531;19/12/2002;355
9531;18/12/2002;358
9531;17/12/2002;359
9531;16/12/2002;354
9531;13/12/2002;353
9531;12/12/2002;355
9531;11/12/2002;363
9531;10/12/2002;356
9531;09/12/2002;352
9531;06/12/2002;354
9531;05/12/2002;361
9531;04/12/2002;362
9531;03/12/2002;370
9531;02/12/2002;365
9531;29/11/2002;368
9531;28/11/2002;373
9531;27/11/2002;369
9531;26/11/2002;369
9531;25/11/2002;363
9531;22/11/2002;358
9531;21/11/2002;360
9531;20/11/2002;360
9531;19/11/2002;358
9531;18/11/2002;360
9531;15/11/2002;359
9531;14/11/2002;358
9531;13/11/2002;359
9531;12/11/2002;358
9531;11/11/2002;356
9531;08/11/2002;352
9531;07/11/2002;355
9531;06/11/2002;358
9531;05/11/2002;360
9531;04/11/2002;360
9531;01/11/2002;358
9531;31/10/2002;358
9531;30/10/2002;349
9531;29/10/2002;352
9531;28/10/2002;342
9531;25/10/2002;352
9531;24/10/2002;347
9531;23/10/2002;348
9531;22/10/2002;339
9531;21/10/2002;337
9531;18/10/2002;337
9531;17/10/2002;343
9531;16/10/2002;347
9531;15/10/2002;359
9531;14/10/2002;359
9531;11/10/2002;359
9531;10/10/2002;362
9531;09/10/2002;360
9531;08/10/2002;355
9531;07/10/2002;357
9531;04/10/2002;360
9531;03/10/2002;360
9531;02/10/2002;358
9531;01/10/2002;356
9531;30/09/2002;356
9531;27/09/2002;349
9531;26/09/2002;345
9531;25/09/2002;342
9531;24/09/2002;349
9531;23/09/2002;347
9531;20/09/2002;346
9531;19/09/2002;346
9531;18/09/2002;345
9531;17/09/2002;341
9531;16/09/2002;341
9531;13/09/2002;328
9531;12/09/2002;335
9531;11/09/2002;340
9531;10/09/2002;343
9531;09/09/2002;348
9531;06/09/2002;346
9531;05/09/2002;349
9531;04/09/2002;345
9531;03/09/2002;341
9531;02/09/2002;338
9531;30/08/2002;338
9531;29/08/2002;336
9531;28/08/2002;335
9531;27/08/2002;339
9531;26/08/2002;337
9531;23/08/2002;339
9531;22/08/2002;339
9531;21/08/2002;344
9531;20/08/2002;344
9531;19/08/2002;349
9531;16/08/2002;351
9531;15/08/2002;345
9531;14/08/2002;344
9531;13/08/2002;341
9531;12/08/2002;338
9531;09/08/2002;335
9531;08/08/2002;337
9531;07/08/2002;331
9531;06/08/2002;332
9531;05/08/2002;330
9531;02/08/2002;326
9531;01/08/2002;322
9531;31/07/2002;311
9531;30/07/2002;313
9531;29/07/2002;320
9531;26/07/2002;317
9531;25/07/2002;318
9531;24/07/2002;323
9531;23/07/2002;325
9531;22/07/2002;315
9531;19/07/2002;320
9531;18/07/2002;324
9531;17/07/2002;325
9531;16/07/2002;322
9531;15/07/2002;328
9531;12/07/2002;333
9531;11/07/2002;335
9531;10/07/2002;338
9531;09/07/2002;335
9531;08/07/2002;338
9531;05/07/2002;341
9531;04/07/2002;341
9531;03/07/2002;336
9531;02/07/2002;334
9531;01/07/2002;337
9531;28/06/2002;337
9531;27/06/2002;328
9531;26/06/2002;327
9531;25/06/2002;327
9531;24/06/2002;329
9531;21/06/2002;325
9531;20/06/2002;321
9531;19/06/2002;325
9531;18/06/2002;325
9531;17/06/2002;324
9531;14/06/2002;331
9531;13/06/2002;333
9531;12/06/2002;334
9531;11/06/2002;332
9531;10/06/2002;333
9531;07/06/2002;333
9531;06/06/2002;339
9531;05/06/2002;337
9531;04/06/2002;339
9531;03/06/2002;343
9531;31/05/2002;349
9531;30/05/2002;346
9531;29/05/2002;346
9531;28/05/2002;347
9531;27/05/2002;350
9531;24/05/2002;353
9531;23/05/2002;354
9531;22/05/2002;335
9531;21/05/2002;331
9531;20/05/2002;323
9531;17/05/2002;327
9531;16/05/2002;327
9531;15/05/2002;327
9531;14/05/2002;329
9531;13/05/2002;325
9531;10/05/2002;323
9531;09/05/2002;318
9531;08/05/2002;317
9531;07/05/2002;305
9531;06/05/2002;303
9531;03/05/2002;303
9531;02/05/2002;305
9531;01/05/2002;307
9531;30/04/2002;309
9531;29/04/2002;305
9531;26/04/2002;309
9531;25/04/2002;310
9531;24/04/2002;318
9531;23/04/2002;320
9531;22/04/2002;320
9531;19/04/2002;315
9531;18/04/2002;310
9531;17/04/2002;310
9531;16/04/2002;313
9531;15/04/2002;313
9531;12/04/2002;313
9531;11/04/2002;316
9531;10/04/2002;313
9531;09/04/2002;311
9531;08/04/2002;317
9531;05/04/2002;317
9531;04/04/2002;323
9531;03/04/2002;322
9531;02/04/2002;321
9531;01/04/2002;318
9531;29/03/2002;322
9531;28/03/2002;327
9531;27/03/2002;331
9531;26/03/2002;332
9531;25/03/2002;332
9531;22/03/2002;333
9531;21/03/2002;330
9531;20/03/2002;333
9531;19/03/2002;335
9531;18/03/2002;332
9531;15/03/2002;328
9531;14/03/2002;330
9531;13/03/2002;330
9531;12/03/2002;329
9531;11/03/2002;335
9531;08/03/2002;326
9531;07/03/2002;347
9531;06/03/2002;347
9531;05/03/2002;353
9531;04/03/2002;355
9531;01/03/2002;354
9531;28/02/2002;349
9531;27/02/2002;347
9531;26/02/2002;345
9531;25/02/2002;347
9531;22/02/2002;352
9531;21/02/2002;348
9531;20/02/2002;336
9531;19/02/2002;339
9531;18/02/2002;343
9531;15/02/2002;345
9531;14/02/2002;345
9531;13/02/2002;345
9531;12/02/2002;347
9531;11/02/2002;347
9531;08/02/2002;346
9531;07/02/2002;346
9531;06/02/2002;339
9531;05/02/2002;340
9531;04/02/2002;341
9531;01/02/2002;340
9531;31/01/2002;333
9531;30/01/2002;332
9531;29/01/2002;333
9531;28/01/2002;336
9531;25/01/2002;339
9531;24/01/2002;340
9531;23/01/2002;335
9531;22/01/2002;342
9531;21/01/2002;346
9531;18/01/2002;343
9531;17/01/2002;346
9531;16/01/2002;338
9531;15/01/2002;331
9531;14/01/2002;331
9531;11/01/2002;329
9531;10/01/2002;318
9531;09/01/2002;324
9531;08/01/2002;325
9531;07/01/2002;338
9531;04/01/2002;340
9531;03/01/2002;351
9531;02/01/2002;351
9531;01/01/2002;351
9531;31/12/2001;351
9531;28/12/2001;345
9531;27/12/2001;339
9531;26/12/2001;346
9531;25/12/2001;349
9531;24/12/2001;349
9531;21/12/2001;351
9531;20/12/2001;350
9531;19/12/2001;349
9531;18/12/2001;353
9531;17/12/2001;348
9531;14/12/2001;350
9531;13/12/2001;345
9531;12/12/2001;346
9531;11/12/2001;338
9531;10/12/2001;339
9531;07/12/2001;343
9531;06/12/2001;340
9531;05/12/2001;332
9531;04/12/2001;334
9531;03/12/2001;338
9531;30/11/2001;334
9531;29/11/2001;336
9531;28/11/2001;338
9531;27/11/2001;336
9531;26/11/2001;340
9531;23/11/2001;338
9531;22/11/2001;341
9531;21/11/2001;349
9531;20/11/2001;336
9531;19/11/2001;330
9531;16/11/2001;330
9531;15/11/2001;359
9531;14/11/2001;372
9531;13/11/2001;367
9531;12/11/2001;370
9531;09/11/2001;372
9531;08/11/2001;370
9531;07/11/2001;374
9531;06/11/2001;372
9531;05/11/2001;375
9531;02/11/2001;381
9531;01/11/2001;383
9531;31/10/2001;383
9531;30/10/2001;383
9531;29/10/2001;380
9531;26/10/2001;395
9531;25/10/2001;397
9531;24/10/2001;404
9531;23/10/2001;400
9531;22/10/2001;397
9531;19/10/2001;394
9531;18/10/2001;390
9531;17/10/2001;406
9531;16/10/2001;405
9531;15/10/2001;406
9531;12/10/2001;410
9531;11/10/2001;411
9531;10/10/2001;409
9531;09/10/2001;404
9531;08/10/2001;404
9531;05/10/2001;409
9531;04/10/2001;413
9531;03/10/2001;411
9531;02/10/2001;404
9531;01/10/2001;392
9531;28/09/2001;381
9531;27/09/2001;376
9531;26/09/2001;380
9531;25/09/2001;400
9531;24/09/2001;410
9531;21/09/2001;400
9531;20/09/2001;401
9531;19/09/2001;387
9531;18/09/2001;392
9531;17/09/2001;384
9531;14/09/2001;396
9531;13/09/2001;398
9531;12/09/2001;380
9531;11/09/2001;410
9531;10/09/2001;398
9531;07/09/2001;406
9531;06/09/2001;399
9531;05/09/2001;393
9531;04/09/2001;399
9531;03/09/2001;408
9531;31/08/2001;395
9531;30/08/2001;400
9531;29/08/2001;408
9531;28/08/2001;412
9531;27/08/2001;425
9531;24/08/2001;425
9531;23/08/2001;422
9531;22/08/2001;420
9531;21/08/2001;413
9531;20/08/2001;407
9531;17/08/2001;410
9531;16/08/2001;408
9531;15/08/2001;399
9531;14/08/2001;393
9531;13/08/2001;385
9531;10/08/2001;387
9531;09/08/2001;379
9531;08/08/2001;377
9531;07/08/2001;371
9531;06/08/2001;379
9531;03/08/2001;378
9531;02/08/2001;387
9531;01/08/2001;395
9531;31/07/2001;389
9531;30/07/2001;382
9531;27/07/2001;376
9531;26/07/2001;378
9531;25/07/2001;381
9531;24/07/2001;368
9531;23/07/2001;373
9531;20/07/2001;371
9531;19/07/2001;379
9531;18/07/2001;385
9531;17/07/2001;386
9531;16/07/2001;385
9531;13/07/2001;385
9531;12/07/2001;395
9531;11/07/2001;401
9531;10/07/2001;408
9531;09/07/2001;405
9531;06/07/2001;397
9531;05/07/2001;387
9531;04/07/2001;388
9531;03/07/2001;388
9531;02/07/2001;384
9531;29/06/2001;379
9531;28/06/2001;380
9531;27/06/2001;381
9531;26/06/2001;382
9531;25/06/2001;373
9531;22/06/2001;374
9531;21/06/2001;375
9531;20/06/2001;379
9531;19/06/2001;376
9531;18/06/2001;378
9531;15/06/2001;373
9531;14/06/2001;372
9531;13/06/2001;377
9531;12/06/2001;379
9531;11/06/2001;379
9531;08/06/2001;368
9531;07/06/2001;359
9531;06/06/2001;358
9531;05/06/2001;355
9531;04/06/2001;350
9531;01/06/2001;350
9531;31/05/2001;348
9531;30/05/2001;343
9531;29/05/2001;342
9531;28/05/2001;342
9531;25/05/2001;340
9531;24/05/2001;343
9531;23/05/2001;346
9531;22/05/2001;349
9531;21/05/2001;343
9531;18/05/2001;340
9531;17/05/2001;339
9531;16/05/2001;342
9531;15/05/2001;335
9531;14/05/2001;337
9531;11/05/2001;337
9531;10/05/2001;338
9531;09/05/2001;342
9531;08/05/2001;340
9531;07/05/2001;350
9531;04/05/2001;357
9531;03/05/2001;357
9531;02/05/2001;354
9531;01/05/2001;348
9531;30/04/2001;347
9531;27/04/2001;341
9531;26/04/2001;342
9531;25/04/2001;342
9531;24/04/2001;341
9531;23/04/2001;343
9531;20/04/2001;336
9531;19/04/2001;341
9531;18/04/2001;345
9531;17/04/2001;342
9531;16/04/2001;344
9531;13/04/2001;349
9531;12/04/2001;355
9531;11/04/2001;355
9531;10/04/2001;349
9531;09/04/2001;345
9531;06/04/2001;349
9531;05/04/2001;349
9531;04/04/2001;341
9531;03/04/2001;336
9531;02/04/2001;340
9531;30/03/2001;346
9531;29/03/2001;347
9531;28/03/2001;343
9531;27/03/2001;339
9531;26/03/2001;327
9531;23/03/2001;330
9531;22/03/2001;340
9531;21/03/2001;347
9531;20/03/2001;329
9531;19/03/2001;316
9531;16/03/2001;320
9531;15/03/2001;320
9531;13/03/2001;322
9531;12/03/2001;323
9531;09/03/2001;324
9531;08/03/2001;325
9531;07/03/2001;328
9531;06/03/2001;330
9531;05/03/2001;331
9531;02/03/2001;319
9531;01/03/2001;317
9531;28/02/2001;315
9531;27/02/2001;319
9531;26/02/2001;316
9531;23/02/2001;313
9531;22/02/2001;319
9531;21/02/2001;310
9531;20/02/2001;309
9531;19/02/2001;310
9531;16/02/2001;316
9531;15/02/2001;313
9531;14/02/2001;310
9531;13/02/2001;305
9531;09/02/2001;308
9531;08/02/2001;307
9531;07/02/2001;310
9531;06/02/2001;309
9531;05/02/2001;305
9531;02/02/2001;306
9531;01/02/2001;304
9531;31/01/2001;298
9531;30/01/2001;296
9531;29/01/2001;291
9531;26/01/2001;287
9531;25/01/2001;296
9531;24/01/2001;304
9531;23/01/2001;295
9531;22/01/2001;291
9531;19/01/2001;290
9531;18/01/2001;296
9531;17/01/2001;295
9531;16/01/2001;306
9531;15/01/2001;321
9531;12/01/2001;330
9531;11/01/2001;335
9531;10/01/2001;335
9531;09/01/2001;330
9531;08/01/2001;329
9531;05/01/2001;327
9531;04/01/2001;333
9531;03/01/2001;338
9531;02/01/2001;338
9531;01/01/2001;338
9531;29/12/2000;340
9531;28/12/2000;335
9531;27/12/2000;333
9531;26/12/2000;335
9531;25/12/2000;329
9531;22/12/2000;324
9531;21/12/2000;311
9531;20/12/2000;318
9531;19/12/2000;329
9531;18/12/2000;328
9531;15/12/2000;331
9531;14/12/2000;334
9531;13/12/2000;329
9531;12/12/2000;338
9531;11/12/2000;343
9531;08/12/2000;344
9531;07/12/2000;332
9531;06/12/2000;323
9531;05/12/2000;319
9531;04/12/2000;321
9531;01/12/2000;312
9531;30/11/2000;312
9531;29/11/2000;311
9531;28/11/2000;306
9531;27/11/2000;318
9531;24/11/2000;313
9531;23/11/2000;306
9531;22/11/2000;292
9531;21/11/2000;280
9531;20/11/2000;280
9531;17/11/2000;280
9531;16/11/2000;280
9531;15/11/2000;280
9531;14/11/2000;280
9531;13/11/2000;280
9531;10/11/2000;280
9531;09/11/2000;280
9531;08/11/2000;280
9531;07/11/2000;280
9531;06/11/2000;280
9531;03/11/2000;280
9531;02/11/2000;280
9531;01/11/2000;280
9531;31/10/2000;280
9531;30/10/2000;280
9531;27/10/2000;280
9531;26/10/2000;280
9531;25/10/2000;280
9531;24/10/2000;280
9531;23/10/2000;280
9531;20/10/2000;280
9531;19/10/2000;280
9531;18/10/2000;280
9531;17/10/2000;280
9531;16/10/2000;280
9531;13/10/2000;280
9531;12/10/2000;280
9531;11/10/2000;280
9531;10/10/2000;280
9531;09/10/2000;280
9531;06/10/2000;280
9531;05/10/2000;280
9531;04/10/2000;280
9531;03/10/2000;280
9531;02/10/2000;280
9531;29/09/2000;280
9531;28/09/2000;280
9531;27/09/2000;264
9531;26/09/2000;264
9531;25/09/2000;264
9531;22/09/2000;264
9531;21/09/2000;264
9531;20/09/2000;264
9531;19/09/2000;264
9531;18/09/2000;264
9531;15/09/2000;264
9531;14/09/2000;264
9531;13/09/2000;264
9531;12/09/2000;264
9531;11/09/2000;264
9531;08/09/2000;264
9531;07/09/2000;264
9531;06/09/2000;264
9531;05/09/2000;264
9531;04/09/2000;264
9531;01/09/2000;264
9531;31/08/2000;264
9531;30/08/2000;264
9531;29/08/2000;264
9531;28/08/2000;264
9531;25/08/2000;264
9531;24/08/2000;264
9531;23/08/2000;264
9531;22/08/2000;264
9531;21/08/2000;264
9531;18/08/2000;264
9531;17/08/2000;264
9531;16/08/2000;264
9531;15/08/2000;264
9531;14/08/2000;264
9531;11/08/2000;264
9531;10/08/2000;264
9531;09/08/2000;264
9531;08/08/2000;264
9531;07/08/2000;264
9531;04/08/2000;264
9531;03/08/2000;264
9531;02/08/2000;264
9531;01/08/2000;264
9531;31/07/2000;290
9531;28/07/2000;290
9531;27/07/2000;290
9531;26/07/2000;290
9531;25/07/2000;290
9531;24/07/2000;290
9531;21/07/2000;290
9531;20/07/2000;290
9531;19/07/2000;290
9531;18/07/2000;290
9531;17/07/2000;290
9531;14/07/2000;290
9531;13/07/2000;296
9531;12/07/2000;296
9531;11/07/2000;296
9531;10/07/2000;296
9531;07/07/2000;296
9531;06/07/2000;296
9531;05/07/2000;296
9531;04/07/2000;296
9531;03/07/2000;299
9531;30/06/2000;289
9531;29/06/2000;280
9531;28/06/2000;277
9531;27/06/2000;275
9531;26/06/2000;276
9531;23/06/2000;274
9531;22/06/2000;276
9531;21/06/2000;283
9531;20/06/2000;283
9531;19/06/2000;282
9531;16/06/2000;285
9531;15/06/2000;283
9531;14/06/2000;280
9531;13/06/2000;273
9531;12/06/2000;276
9531;09/06/2000;266
9531;08/06/2000;273
9531;07/06/2000;267
9531;06/06/2000;263
9531;05/06/2000;266
9531;02/06/2000;265
9531;01/06/2000;261
9531;31/05/2000;275
9531;30/05/2000;278
9531;29/05/2000;279
9531;26/05/2000;276
9531;25/05/2000;275
9531;24/05/2000;270
9531;23/05/2000;265
9531;22/05/2000;257
9531;19/05/2000;250
9531;18/05/2000;252
9531;17/05/2000;250
9531;16/05/2000;258
9531;15/05/2000;259
9531;12/05/2000;257
9531;11/05/2000;253
9531;10/05/2000;247
9531;09/05/2000;246
9531;08/05/2000;244
9531;05/05/2000;242
9531;04/05/2000;242
9531;03/05/2000;242
9531;02/05/2000;246
9531;01/05/2000;243
9531;28/04/2000;245
9531;27/04/2000;240
9531;26/04/2000;242
9531;25/04/2000;240
9531;24/04/2000;237
9531;21/04/2000;237
9531;20/04/2000;237
9531;19/04/2000;243
9531;18/04/2000;242
9531;17/04/2000;228
9531;14/04/2000;248
9531;13/04/2000;245
9531;12/04/2000;238
9531;11/04/2000;240
9531;10/04/2000;240
9531;07/04/2000;240
9531;06/04/2000;238
9531;05/04/2000;236
9531;04/04/2000;228
9531;03/04/2000;220
9531;31/03/2000;223
9531;30/03/2000;224
9531;29/03/2000;218
9531;28/03/2000;219
9531;27/03/2000;217
9531;24/03/2000;213
9531;23/03/2000;207
9531;22/03/2000;205
9531;21/03/2000;207
9531;20/03/2000;206
9531;17/03/2000;203
9531;16/03/2000;204
9531;15/03/2000;200
9531;14/03/2000;203
9531;13/03/2000;206
9531;10/03/2000;205
9531;09/03/2000;205
9531;08/03/2000;208
9531;07/03/2000;209
9531;06/03/2000;212
9531;03/03/2000;209
9531;02/03/2000;207
9531;01/03/2000;210
9531;29/02/2000;204
9531;28/02/2000;205
9531;25/02/2000;210
9531;24/02/2000;217
9531;23/02/2000;210
9531;22/02/2000;210
9531;21/02/2000;207
9531;18/02/2000;212
9531;17/02/2000;216
9531;16/02/2000;212
9531;15/02/2000;220
9531;14/02/2000;220
9531;11/02/2000;215
9531;10/02/2000;215
9531;09/02/2000;221
9531;08/02/2000;225
9531;07/02/2000;226
9531;04/02/2000;231
9531;03/02/2000;232
9531;02/02/2000;237
9531;01/02/2000;240
9531;31/01/2000;242
9531;28/01/2000;248
9531;27/01/2000;248
9531;26/01/2000;248
9531;25/01/2000;247
9531;24/01/2000;249
9531;21/01/2000;247
9531;20/01/2000;247
9531;19/01/2000;245
9531;18/01/2000;247
9531;17/01/2000;248
9531;14/01/2000;242
9531;13/01/2000;238
9531;12/01/2000;239
9531;11/01/2000;243
9531;10/01/2000;244
9531;07/01/2000;232
9531;06/01/2000;232
9531;05/01/2000;235
9531;04/01/2000;240
